-- phpMyAdmin SQL Dump
-- version 5.2.0
-- https://www.phpmyadmin.net/
--
-- Host: 127.0.0.1
-- Generation Time: Nov 02, 2022 at 07:03 PM
-- Server version: 10.4.25-MariaDB
-- PHP Version: 7.4.30

SET SQL_MODE = "NO_AUTO_VALUE_ON_ZERO";
START TRANSACTION;
SET time_zone = "+00:00";


/*!40101 SET @OLD_CHARACTER_SET_CLIENT=@@CHARACTER_SET_CLIENT */;
/*!40101 SET @OLD_CHARACTER_SET_RESULTS=@@CHARACTER_SET_RESULTS */;
/*!40101 SET @OLD_COLLATION_CONNECTION=@@COLLATION_CONNECTION */;
/*!40101 SET NAMES utf8mb4 */;

--
-- Database: `annealing`
--

-- --------------------------------------------------------

--
-- Table structure for table `company`
--

CREATE TABLE `company` (
  `id` bigint(20) NOT NULL,
  `company` varchar(255) NOT NULL,
  `fullname` varchar(100) NOT NULL,
  `mobile` varchar(15) NOT NULL,
  `username` varchar(100) NOT NULL,
  `password` varchar(20) NOT NULL,
  `status` tinyint(1) NOT NULL DEFAULT 0,
  `usertype` tinyint(1) NOT NULL DEFAULT 0,
  `deviceid` varchar(255) NOT NULL,
  `activedevice` smallint(6) NOT NULL DEFAULT 0,
  `datetime` timestamp NULL DEFAULT current_timestamp() ON UPDATE current_timestamp()
) ENGINE=InnoDB DEFAULT CHARSET=latin1;

--
-- Dumping data for table `company`
--

INSERT INTO `company` (`id`, `company`, `fullname`, `mobile`, `username`, `password`, `status`, `usertype`, `deviceid`, `activedevice`, `datetime`) VALUES
(1, 'Unique Industries', 'Admin User', '9898989898', 'admin', 'sv29121992', 1, 1, '', 0, '2018-10-08 03:42:49'),
(2, 'Jasmin', 'Developer User', '9979936669', 'test@dcmindustries.co.in', '123456', 1, 2, '34nxcqjwyp6h81a2qblel5fkx', 0, '2018-11-03 06:12:31'),
(3, 'Dcm Industries', 'Staff', '9879879870', 'staff@dcmindustries.co.in', '123456', 1, 2, '91kq0lbzq4n4dq6u2isju31d', 0, '2018-11-03 06:25:04');

-- --------------------------------------------------------

--
-- Table structure for table `customer`
--

CREATE TABLE `customer` (
  `id` bigint(20) NOT NULL,
  `customer` varchar(100) NOT NULL,
  `email` varchar(100) NOT NULL,
  `mobile` varchar(15) NOT NULL,
  `product` varchar(255) NOT NULL,
  `quantity` bigint(20) NOT NULL,
  `order_date` date NOT NULL,
  `dispatch_date` date NOT NULL,
  `status` varchar(100) NOT NULL,
  `datetime` timestamp NULL DEFAULT current_timestamp() ON UPDATE current_timestamp()
) ENGINE=InnoDB DEFAULT CHARSET=latin1;

--
-- Dumping data for table `customer`
--

INSERT INTO `customer` (`id`, `customer`, `email`, `mobile`, `product`, `quantity`, `order_date`, `dispatch_date`, `status`, `datetime`) VALUES
(5, 'TIMKEN INDIA LTD (ABC BEARING DIV.)', 'hgfhgfhfhf@gfgfg', '10', '25', 25, '2017-02-25', '2017-02-25', '1', '2020-03-14 04:45:39'),
(6, 'La Gajjar Machine Pvt.Ltd.', '', '', '', 0, '0000-00-00', '0000-00-00', '1', '2017-03-30 03:54:13'),
(7, 'DCM Bearing Pvt.Ltd.', '', '', '', 0, '0000-00-00', '0000-00-00', '1', '2017-03-30 03:54:28'),
(8, 'Sterling Bearing (Sureshbhai)', '', '', '', 0, '0000-00-00', '0000-00-00', '1', '2017-03-30 03:54:56'),
(9, 'Umiyaji Industries', '', '', '', 0, '0000-00-00', '0000-00-00', '1', '2017-03-30 03:55:09'),
(10, 'Precision Bearing Pvt.Ltd.', '', '', '', 0, '0000-00-00', '0000-00-00', '1', '2017-04-06 03:55:16'),
(11, 'Manson', '', '', '', 0, '0000-00-00', '0000-00-00', '1', '2017-04-27 04:42:07'),
(12, 'Synnova Gears Pvt.Ltd.', '', '', '', 0, '0000-00-00', '0000-00-00', '1', '2018-11-26 04:25:15'),
(13, 'KHS INNOVATION & ENGINEERING LLP', '', '', '', 0, '0000-00-00', '0000-00-00', '1', '2018-08-14 04:07:58'),
(14, 'Bansi(Rajubhai)', '', '', '', 0, '0000-00-00', '0000-00-00', '1', '2017-07-09 06:18:07'),
(15, 'ITAF', '', '', '', 0, '0000-00-00', '0000-00-00', '1', '2017-07-03 12:14:56'),
(16, 'JVR BEARING.', '', '', '', 0, '0000-00-00', '0000-00-00', '1', '2017-08-10 07:48:12'),
(17, 'DCM INDUSTRIES', '', '', '', 0, '0000-00-00', '0000-00-00', '1', '2018-12-25 04:09:32'),
(18, 'GAGL', '', '', '', 0, '0000-00-00', '0000-00-00', '1', '2017-09-14 08:27:46'),
(19, 'JAPS', '', '', '', 0, '0000-00-00', '0000-00-00', '1', '2017-09-28 06:38:01'),
(20, 'URB Bearing', '', '', '', 0, '0000-00-00', '0000-00-00', '1', '2017-11-02 12:58:46'),
(21, 'SHARP INDUSTRIES', '', '', '', 0, '0000-00-00', '0000-00-00', '1', '2020-06-18 03:47:43'),
(22, 'POWER DRIVE', '', '', '', 0, '0000-00-00', '0000-00-00', '1', '2018-03-26 06:28:40'),
(23, 'KANSARA', '', '', '', 0, '0000-00-00', '0000-00-00', '1', '2018-07-26 08:07:46'),
(24, 'FKL', '', '', '', 0, '0000-00-00', '0000-00-00', '1', '2018-08-14 08:08:42'),
(25, 'SKILL INDUSTRIES', '', '', '', 0, '0000-00-00', '0000-00-00', '1', '2018-10-30 05:58:20'),
(26, 'SYNCHROTECH', '', '', '', 0, '0000-00-00', '0000-00-00', '1', '2018-12-31 04:28:29'),
(27, 'DELUX BEARING', '', '', '', 0, '0000-00-00', '0000-00-00', '1', '2019-01-29 08:50:09'),
(28, 'BON INTERNATIONAL', '', '', '', 0, '0000-00-00', '0000-00-00', '1', '2019-06-17 09:14:45'),
(29, 'TEXSPIN BEARING LTD', '', '', '', 0, '0000-00-00', '0000-00-00', '1', '2019-06-22 04:53:08'),
(30, 'YOGI HI TECH', '', '', '', 0, '0000-00-00', '0000-00-00', '1', '2021-11-13 04:15:05'),
(31, 'VAIDEHI RING PVT.LTD.', '', '', '', 0, '0000-00-00', '0000-00-00', '1', '2020-06-29 04:25:12'),
(32, 'ISOTECH INDUSTRIES', '', '', '', 0, '0000-00-00', '0000-00-00', '1', '2020-07-05 07:58:25'),
(33, 'SUPRA RUBBER INDUSTRIES', '', '', '', 0, '0000-00-00', '0000-00-00', '1', '2020-09-26 10:08:46'),
(34, 'MACHINE FAULT OR OTHER PROBLEM', '', '', '', 0, '0000-00-00', '0000-00-00', '1', '2020-09-26 10:18:58'),
(35, 'MARC', '', '', '', 0, '0000-00-00', '0000-00-00', '1', '2020-09-30 04:50:04'),
(36, 'MAN INDUSTRIES', '', '', '', 0, '0000-00-00', '0000-00-00', '1', '2020-10-07 11:04:40'),
(37, 'MACSON', '', '', '', 0, '0000-00-00', '0000-00-00', '1', '2021-02-04 10:59:02'),
(38, 'SONY CONSULTANT', '', '', '', 0, '0000-00-00', '0000-00-00', '1', '2021-02-26 05:35:59'),
(39, 'EXCEL', '', '', '', 0, '0000-00-00', '0000-00-00', '1', '2021-11-15 03:40:12'),
(40, 'PAPPUBHAI', '', '', '', 0, '0000-00-00', '0000-00-00', '1', '2021-11-15 12:27:34'),
(41, 'CRV', '', '', '', 0, '0000-00-00', '0000-00-00', '1', '2021-11-29 04:38:05'),
(42, 'BMI', '', '', '', 0, '0000-00-00', '0000-00-00', '1', '2021-12-05 04:06:59'),
(43, 'DEV', '', '', '', 0, '0000-00-00', '0000-00-00', '1', '2021-12-05 04:07:17');

-- --------------------------------------------------------

--
-- Table structure for table `dpi_customer`
--

CREATE TABLE `dpi_customer` (
  `id` int(11) NOT NULL,
  `customer_name` varchar(20) DEFAULT NULL,
  `company_name` varchar(30) DEFAULT NULL,
  `customer_mobile` varchar(20) DEFAULT NULL,
  `customer_email` varchar(30) DEFAULT NULL,
  `customer_address` varchar(255) DEFAULT NULL,
  `contract_rate` float NOT NULL DEFAULT 0,
  `gstno` varchar(30) DEFAULT NULL,
  `isdelete` int(1) NOT NULL,
  `updated_on` varchar(30) DEFAULT NULL,
  `created_on` timestamp NOT NULL DEFAULT current_timestamp()
) ENGINE=InnoDB DEFAULT CHARSET=latin1 ROW_FORMAT=COMPACT;

--
-- Dumping data for table `dpi_customer`
--

INSERT INTO `dpi_customer` (`id`, `customer_name`, `company_name`, `customer_mobile`, `customer_email`, `customer_address`, `contract_rate`, `gstno`, `isdelete`, `updated_on`, `created_on`) VALUES
(1, 'KARTIK BHAI', 'EMPIRE RING FORGE', '7698500178', 'EMPIRERINGFORGE@GMAIL.COM', 'GUNDASARA', 4, '', 0, '2022-10-22 18:23:57', '2022-10-18 14:31:01'),
(2, 'VIVEKBHAI', 'DCM INDUSTRIES', '9427223892', 'DCM.PRECISION@GMAIL.COM', 'VERAVAL(S)', 4, '', 0, '2022-10-21 19:31:44', '2022-10-21 14:01:44'),
(3, 'VICKYBHAI', 'ARB BEARING LTD.(PLANT-1)', '9313292847', 'VICKY@ARB-BEARING.COM', 'HARYANA', 4.25, '', 0, '2022-10-21 19:34:37', '2022-10-21 14:04:37'),
(4, 'VICKYBHAI', 'ARB BEARING LTD.(PLANT-2)', '9313292847', 'VIKAS@ARB-BEARING.COM', 'HARYANA', 4.25, '', 0, '2022-10-21 19:35:39', '2022-10-21 14:05:39'),
(5, 'DIMPLEBHAI', 'DCM BEARING PVT LTD.', '9898597196', 'DCMBEARING@GMAIL.COM', 'VERAVAL(S)', 4, '', 0, '2022-10-21 19:37:27', '2022-10-21 14:07:27'),
(6, 'ASHVINBHAI', 'SHREE AMBICA FORGE', '9227777110', 'SHREEAMBICAFORGE@GMAIL.COM', 'VERAVAL(S)', 4, '', 0, '2022-10-21 19:41:26', '2022-10-21 14:11:26'),
(7, 'YASHWANTBHAI', 'DUHEE ALLOYS STEEL PROCESSOR', '9537888977', 'PPC.DUHEE@GMAIL.COM', 'METODA', 4.25, '', 0, '2022-10-21 19:43:26', '2022-10-21 14:13:26'),
(8, 'BANTIBHAI', 'COMET FORGE', '8799450047', 'COMETFORGE@GMAIL.COM', 'VERAVAL(S)', 4.25, '', 0, '2022-10-21 19:46:15', '2022-10-21 14:16:15'),
(9, 'BALABHAI', 'R.K.FORGE', '0000000000', 'NIKUNJPATEL9919@GMAIL.COM', 'SHAPAR(V)', 4.25, '', 0, '2022-10-29 19:20:11', '2022-10-22 12:58:57'),
(10, 'NIKUNJ', 'SKILL INDUSTRIES', '9227777110', '000@GMAIL.COM', 'VERAVAL(S)', 4, '', 0, '2022-10-22 18:37:49', '2022-10-22 13:07:49'),
(11, 'BALABHAI', 'ROYAL STEEL FORGE', '9898415195', '00@GMAIL.COM', 'SHAPAR(V)', 4.25, '', 0, '2022-10-22 18:47:48', '2022-10-22 13:17:48'),
(12, 'JAYESHBHAI', 'PRINCE FORGE', '9313292847', '0000@GMAIL.COM', 'VERAVAL(S)', 4.25, '', 0, '2022-10-23 14:21:57', '2022-10-22 14:25:13'),
(13, 'VIVEKBHAI', 'DCM FORGE', '9427223892', '00000@GMAIL.COM', 'VERAVAL(S)', 4, '', 0, '2022-10-22 20:03:11', '2022-10-22 14:33:11'),
(14, 'VICKYBHAI', 'MITUL ENGINEERS', '9313292847', '0@GMAIL.COM', 'RAJKOT', 4.25, '', 0, '2022-10-23 15:02:21', '2022-10-23 09:32:21'),
(15, 'VICKYBHAI', 'PATEL INDUSTRIES', '9313292847', '00.00@GMAIL.COM', 'RAJKOT', 4.25, '', 0, '2022-10-23 15:03:49', '2022-10-23 09:33:49'),
(16, 'VICKYBHAI', 'HARI KRUSHNA INDUSTRIES', '9313292847', '0000000@GMAIL.COM', 'RAJKOT', 4.25, '', 0, '2022-10-23 15:04:50', '2022-10-23 09:34:50'),
(17, 'HARSUKHBHAI', 'TULSI FORGE', '0000000000', '00.000@GMAIL.COM', 'VERAVAL(S)', 4, '', 0, '2022-10-30 10:33:03', '2022-10-30 05:03:03'),
(18, 'NIKUNJBHAI', 'JAYDEEP BEARING COMPANY', '0000000000', '0.0@GMAIL.COM', 'GONDAL', 4, '', 0, '2022-10-31 15:21:12', '2022-10-31 09:51:12'),
(19, 'NIKUNJBHAI', 'KHODIYARKRUPA ENGINEERING', '0000000000', '00.0@GMAIL.COM', 'SHAPAR(V)', 4, '', 0, '2022-10-31 15:24:27', '2022-10-31 09:53:21'),
(20, 'PRAFULBHAI', 'CRV AUTOMATION', '9227777111', '0.0.0@GMAIL.COM', 'VERAVAL(S)', 4.25, '', 0, '2022-10-31 19:01:26', '2022-10-31 13:31:26'),
(21, 'NIKUNJBHAI', 'JAY FORGE', '0000000000', '0000.000@GMAIL.COM', 'SHAPAR(V)', 4.25, '', 0, '2022-11-01 22:51:38', '2022-11-01 17:21:38');

-- --------------------------------------------------------

--
-- Table structure for table `dpi_dispatch`
--

CREATE TABLE `dpi_dispatch` (
  `id` int(11) NOT NULL,
  `orderid` int(11) NOT NULL,
  `dispatch_date` varchar(30) DEFAULT NULL,
  `chalan_no` varchar(30) DEFAULT NULL,
  `batch_qty` int(11) NOT NULL,
  `weight_piece` decimal(10,3) DEFAULT 0.000,
  `total_weight` varchar(30) DEFAULT NULL,
  `dispatch_party` varchar(50) DEFAULT NULL,
  `rate_qty` float NOT NULL,
  `total_amount` decimal(10,2) NOT NULL DEFAULT 0.00,
  `vehicleid` int(11) NOT NULL DEFAULT 0,
  `isdelete` int(1) NOT NULL,
  `updated_on` varchar(30) NOT NULL,
  `created_on` timestamp NOT NULL DEFAULT current_timestamp()
) ENGINE=InnoDB DEFAULT CHARSET=latin1 ROW_FORMAT=COMPACT;

--
-- Dumping data for table `dpi_dispatch`
--

INSERT INTO `dpi_dispatch` (`id`, `orderid`, `dispatch_date`, `chalan_no`, `batch_qty`, `weight_piece`, `total_weight`, `dispatch_party`, `rate_qty`, `total_amount`, `vehicleid`, `isdelete`, `updated_on`, `created_on`) VALUES
(2, 1, '2022-10-18', '1', 998, '1.235', '1232.530', '1', 4, '4930.12', 1, 0, '2022-10-23 10:07:44', '2022-10-22 13:58:20');

-- --------------------------------------------------------

--
-- Table structure for table `dpi_furnace`
--

CREATE TABLE `dpi_furnace` (
  `id` int(11) NOT NULL,
  `bellid` varchar(30) DEFAULT NULL,
  `bell_description` text DEFAULT NULL,
  `bell_capacity` varchar(30) DEFAULT NULL,
  `processid` int(11) NOT NULL DEFAULT 0,
  `status` int(1) NOT NULL,
  `isdelete` int(1) NOT NULL,
  `updated_on` varchar(30) DEFAULT NULL,
  `created_on` timestamp NOT NULL DEFAULT current_timestamp()
) ENGINE=InnoDB DEFAULT CHARSET=latin1 ROW_FORMAT=COMPACT;

--
-- Dumping data for table `dpi_furnace`
--

INSERT INTO `dpi_furnace` (`id`, `bellid`, `bell_description`, `bell_capacity`, `processid`, `status`, `isdelete`, `updated_on`, `created_on`) VALUES
(1, 'Bell 1', '', '4000', 0, 0, 0, '2018-11-15 16:18:53', '2018-10-21 10:03:46'),
(2, 'Bell 2', '', '4000', 22, 1, 0, '2018-10-21 15:33:56', '2018-10-21 10:03:56'),
(3, 'Bell 3', '', '4000', 0, 0, 0, '2019-01-24 15:04:24', '2018-10-21 10:04:08'),
(4, 'Bell 4', '', '4000', 21, 1, 0, '2018-10-21 15:34:36', '2018-10-21 10:04:36'),
(5, 'Bell 5', '', '4000', 25, 1, 0, '2018-10-21 15:34:50', '2018-10-21 10:04:50'),
(6, 'Bell 6', '', '4000', 0, 0, 0, '2018-10-21 15:35:01', '2018-10-21 10:05:01'),
(7, 'Bell 7', '', '4000', 19, 1, 0, '2018-10-21 15:35:17', '2018-10-21 10:05:17'),
(8, 'Bell 8', '', '4000', 24, 1, 0, '2018-10-21 15:35:31', '2018-10-21 10:05:31'),
(9, 'Bell 9', '', '7000', 0, 0, 0, '2018-10-21 15:35:49', '2018-10-21 10:05:49'),
(10, 'Bell 10', '', '7000', 23, 1, 0, '2018-10-21 15:36:04', '2018-10-21 10:06:04'),
(11, 'Bell 11', '', '7000', 0, 0, 0, '2019-01-20 15:07:37', '2018-10-21 10:06:19'),
(12, 'EXTRA', '', '150000', 0, 0, 0, '2018-10-22 11:04:44', '2018-10-22 05:34:44');

-- --------------------------------------------------------

--
-- Table structure for table `dpi_invoice`
--

CREATE TABLE `dpi_invoice` (
  `id` int(11) NOT NULL,
  `userid` int(11) NOT NULL DEFAULT 0,
  `customerid` int(11) NOT NULL DEFAULT 0,
  `invoice_date` varchar(30) DEFAULT NULL,
  `received_date` varchar(30) DEFAULT NULL,
  `invoice_no` varchar(30) DEFAULT NULL,
  `cash_debit` varchar(15) DEFAULT NULL,
  `tax_invoice` varchar(15) DEFAULT NULL,
  `supply_of` varchar(30) DEFAULT NULL,
  `dispatch_through` varchar(50) DEFAULT NULL,
  `destination` varchar(50) DEFAULT NULL,
  `case_bag` varchar(15) DEFAULT NULL,
  `sgst` decimal(10,2) NOT NULL DEFAULT 0.00,
  `sgst_value` decimal(10,2) NOT NULL DEFAULT 0.00,
  `cgst` decimal(10,2) NOT NULL DEFAULT 0.00,
  `cgst_value` decimal(10,2) NOT NULL DEFAULT 0.00,
  `igst` decimal(10,2) NOT NULL DEFAULT 0.00,
  `igst_value` decimal(10,2) NOT NULL DEFAULT 0.00,
  `total_qty` int(11) NOT NULL DEFAULT 0,
  `total_weight` decimal(10,2) NOT NULL DEFAULT 0.00,
  `total_amount` decimal(10,2) NOT NULL DEFAULT 0.00,
  `grand_amount` decimal(10,2) NOT NULL DEFAULT 0.00,
  `original_copy` tinyint(1) NOT NULL DEFAULT 0,
  `duplicate_copy` tinyint(1) NOT NULL DEFAULT 0,
  `extra_copy` tinyint(1) NOT NULL DEFAULT 0,
  `isdelete` int(1) NOT NULL,
  `updated_on` varchar(30) NOT NULL,
  `created_on` timestamp NOT NULL DEFAULT current_timestamp()
) ENGINE=InnoDB DEFAULT CHARSET=latin1 ROW_FORMAT=COMPACT;

-- --------------------------------------------------------

--
-- Table structure for table `dpi_messagebox`
--

CREATE TABLE `dpi_messagebox` (
  `id` int(11) NOT NULL,
  `disp_id` int(11) NOT NULL DEFAULT 0,
  `mobileno` varchar(20) DEFAULT NULL,
  `message` text DEFAULT NULL,
  `created_on` timestamp NOT NULL DEFAULT current_timestamp()
) ENGINE=InnoDB DEFAULT CHARSET=latin1;

-- --------------------------------------------------------

--
-- Table structure for table `dpi_order`
--

CREATE TABLE `dpi_order` (
  `id` int(11) NOT NULL,
  `orderno` varchar(15) DEFAULT NULL,
  `orderid` int(11) NOT NULL DEFAULT 0,
  `received_date` varchar(30) DEFAULT NULL,
  `main_chalan_no` varchar(30) DEFAULT NULL,
  `chalan_date` varchar(30) DEFAULT NULL,
  `chalan_no` varchar(30) DEFAULT NULL,
  `from_forgine_party` varchar(50) DEFAULT NULL,
  `main_party` varchar(50) DEFAULT NULL,
  `item_no` varchar(30) DEFAULT NULL,
  `part_type` varchar(50) DEFAULT NULL,
  `po_no` bigint(20) DEFAULT 0,
  `batch_qty` varchar(30) DEFAULT NULL,
  `weight_piece` varchar(30) DEFAULT NULL,
  `total_weight` varchar(30) DEFAULT NULL,
  `qty_used` int(11) NOT NULL DEFAULT 0,
  `qty_ready` int(11) NOT NULL DEFAULT 0,
  `qty_dispatch` int(11) NOT NULL DEFAULT 0,
  `status` int(1) DEFAULT NULL,
  `billstatus` tinyint(1) NOT NULL DEFAULT 0,
  `invoiceid` int(11) NOT NULL DEFAULT 0,
  `jobwork_chalan` varchar(30) DEFAULT NULL,
  `jobwork_date` varchar(30) DEFAULT NULL,
  `jobwork_qty` int(11) NOT NULL DEFAULT 0,
  `jobwork_amount` decimal(10,2) NOT NULL DEFAULT 0.00,
  `note` text NOT NULL,
  `isdelete` int(1) DEFAULT 0,
  `updated_on` varchar(30) DEFAULT NULL,
  `created_on` timestamp NOT NULL DEFAULT current_timestamp()
) ENGINE=InnoDB DEFAULT CHARSET=latin1 ROW_FORMAT=COMPACT;

--
-- Dumping data for table `dpi_order`
--

INSERT INTO `dpi_order` (`id`, `orderno`, `orderid`, `received_date`, `main_chalan_no`, `chalan_date`, `chalan_no`, `from_forgine_party`, `main_party`, `item_no`, `part_type`, `po_no`, `batch_qty`, `weight_piece`, `total_weight`, `qty_used`, `qty_ready`, `qty_dispatch`, `status`, `billstatus`, `invoiceid`, `jobwork_chalan`, `jobwork_date`, `jobwork_qty`, `jobwork_amount`, `note`, `isdelete`, `updated_on`, `created_on`) VALUES
(1, 'ORD-001', 1, '2022-10-13', '0', '2022-10-13', 'A-181', '1', '1', 'V59022 A+C', 'OR', 0, '998', '1.235', '1232.530', 0, 0, 998, 1, 0, 0, '12', '2022-10-23', 1498, '7400.12', '', 0, '2022-10-30 18:09:29', '2022-10-18 14:47:21'),
(2, 'ORD-002', 2, '2022-10-22', '00', '2022-10-22', 'A-194', '1', '1', '64450/64700', 'OR', 0, '253', '1.7470355731225', '442.000', 253, 253, 0, NULL, 0, 0, NULL, NULL, 0, '0.00', '', 0, '2022-10-22 18:23:23', '2022-10-22 12:53:23'),
(3, 'ORD-003', 3, '2022-10-22', 'EFRS/74', '2022-09-05', '38', '9', '5', 'CRPIR5188004', 'IR', 0, '2001', '0.640', '1280.640', 2001, 2001, 0, NULL, 0, 0, NULL, NULL, 0, '0.00', '', 0, '2022-10-22 18:34:21', '2022-10-22 13:04:21'),
(4, 'ORD-004', 4, '2022-10-22', '00', '2022-10-22', '542', '6', '10', '22218', 'IR', 0, '1510', '1.360', '2053.600', 1510, 1510, 0, NULL, 0, 0, NULL, NULL, 0, '0.00', '', 0, '2022-10-22 18:40:37', '2022-10-22 13:10:37'),
(5, 'ORD-005', 5, '2022-10-22', '00', '2022-10-22', 'A-193', '1', '1', '37425', 'OR', 0, '1005', '0.8149253731343', '819.000', 1005, 1005, 0, NULL, 0, 0, NULL, NULL, 0, '0.00', '', 0, '2022-10-22 18:43:14', '2022-10-22 13:13:14'),
(6, 'ORD-006', 6, '2022-10-22', '00', '2022-10-22', '27', '11', '11', '32308', 'OR', 0, '1589', '0.580', '921.620', 1589, 1589, 0, NULL, 0, 0, NULL, NULL, 0, '0.00', '', 0, '2022-10-22 18:48:52', '2022-10-22 13:18:52'),
(7, 'ORD-007', 7, '2022-10-22', '0', '2022-10-22', 'A-195', '1', '1', '9278/9220', 'IR', 0, '261', '2.2605363984674', '590.000', 261, 261, 0, NULL, 0, 0, NULL, NULL, 0, '0.00', '', 0, '2022-10-22 18:53:35', '2022-10-22 13:23:35'),
(8, 'ORD-008', 8, '2022-10-22', '00', '2022-10-22', 'A-195', '1', '1', '9278/9220', 'OR', 0, '253', '2.3202', '587.011', 253, 253, 0, NULL, 0, 0, NULL, NULL, 0, '0.00', '', 0, '2022-10-22 18:55:14', '2022-10-22 13:25:14'),
(9, 'ORD-009', 9, '2022-10-22', '00', '2022-10-22', 'A-196', '1', '1', '64450/64700', 'IR', 0, '254', '2.0984251968503', '533.000', 254, 254, 0, NULL, 0, 0, NULL, NULL, 0, '0.00', '', 0, '2022-10-22 18:57:37', '2022-10-22 13:27:37'),
(12, 'ORD-012', 12, '2022-10-22', 'P2/445', '2022-10-01', '118', '12', '4', '482/72', 'IR', 0, '1578', '0.670', '1057.260', 1578, 1578, 0, NULL, 0, 0, NULL, NULL, 0, '0.00', '', 0, '2022-10-23 14:20:52', '2022-10-22 14:30:36'),
(13, 'ORD-013', 13, '2022-10-22', 'P2/445', '2022-10-01', '117', '12', '4', '462/53', 'IR', 0, '1428', '0.590', '842.520', 1428, 1428, 0, NULL, 0, 0, NULL, NULL, 0, '0.00', '', 0, '2022-10-23 14:20:20', '2022-10-22 14:31:48'),
(14, 'ORD-014', 14, '2022-10-22', '00', '2022-10-22', '00', '13', '2', '32217', 'OR', 0, '3200', '1.250', '4000.000', 3200, 1890, 0, NULL, 0, 0, NULL, NULL, 0, '0.00', '', 0, '2022-10-22 20:03:49', '2022-10-22 14:33:49'),
(15, 'ORD-015', 15, '2022-10-23', '00', '2022-10-23', 'A-197', '1', '1', '37425', 'IR', 0, '1000', '.897', '897.000', 1000, 1000, 0, NULL, 0, 0, NULL, NULL, 0, '0.00', '', 0, '2022-10-23 14:11:38', '2022-10-23 08:41:38'),
(16, 'ORD-016', 16, '2022-10-23', '00', '2022-10-23', 'A-198', '1', '1', '33113', 'IR', 0, '502', '0.675', '338.850', 502, 502, 0, NULL, 0, 0, NULL, NULL, 0, '0.00', '', 0, '2022-10-23 14:13:22', '2022-10-23 08:43:22'),
(17, 'ORD-017', 17, '2022-10-23', 'P2/445', '2022-10-01', '116', '12', '4', '33013', 'IR', 0, '1630', '0.5331288343558', '869.000', 1630, 1630, 0, NULL, 0, 0, NULL, NULL, 0, '0.00', 'PLANT 2', 0, '2022-10-23 15:06:36', '2022-10-23 09:36:36'),
(18, 'ORD-018', 18, '2022-10-23', '00', '2022-10-23', '00', '13', '2', '32217', 'OR', 0, '2800', '1.250', '3500.000', 2470, 1890, 0, NULL, 0, 0, NULL, NULL, 0, '0.00', '', 0, '2022-10-29 09:53:51', '2022-10-23 10:41:51'),
(19, 'ORD-019', 19, '2022-10-29', '0', '2022-10-30', '000', '17', '2', '683', 'IR', 0, '3000', '1.965', '5895.000', 3000, 2804, 0, NULL, 0, 0, NULL, NULL, 0, '0.00', '', 0, '2022-10-30 10:33:48', '2022-10-30 05:03:48'),
(20, 'ORD-020', 20, '2022-10-29', '0', '2022-10-30', '543', '6', '18', '3314', 'IR', 0, '306', '2.400', '734.400', 306, 306, 0, NULL, 0, 0, NULL, NULL, 0, '0.00', '', 0, '2022-10-31 15:22:27', '2022-10-30 05:07:14'),
(21, 'ORD-021', 21, '2022-10-29', '0', '2022-10-30', '00', '13', '2', '32217', 'OR', 0, '7920', '1.250', '9900.000', 1890, 1890, 0, NULL, 0, 0, NULL, NULL, 0, '0.00', '', 0, '2022-10-30 10:38:52', '2022-10-30 05:08:52'),
(22, 'ORD-022', 22, '2022-10-29', '0', '2022-10-30', '00', '7', '7', 'D90002', 'BUSH', 0, '2288', '1.385', '3168.880', 2288, 2288, 0, NULL, 0, 0, NULL, NULL, 0, '0.00', '', 0, '2022-10-30 10:40:30', '2022-10-30 05:10:30'),
(23, 'ORD-023', 23, '2022-10-29', '00', '2022-10-30', '00', '7', '7', 'D90014', 'BUSH', 0, '1629', '1.920', '3127.680', 1629, 1629, 0, NULL, 0, 0, NULL, NULL, 0, '0.00', '', 0, '2022-10-30 10:41:53', '2022-10-30 05:11:53'),
(24, 'ORD-024', 24, '2022-10-29', '00', '2022-10-30', '00', '7', '7', 'D90012', 'BUSH', 0, '2500', '1.295', '3237.500', 2500, 2500, 0, NULL, 0, 0, NULL, NULL, 0, '0.00', '', 0, '2022-10-30 10:42:50', '2022-10-30 05:12:50'),
(26, 'ORD-026', 26, '2022-10-29', '00', '2022-10-30', 'A-199', '1', '1', '47490', 'OR', 0, '757', '0.750', '567.750', 757, 757, 0, NULL, 0, 0, NULL, NULL, 0, '0.00', '', 0, '2022-10-30 10:45:41', '2022-10-30 05:15:41'),
(27, 'ORD-027', 27, '2022-10-29', '0', '2022-10-30', 'A-201', '1', '1', '715345/11', 'OR', 0, '255', '1.340', '341.700', 255, 255, 0, NULL, 0, 0, NULL, NULL, 0, '0.00', '', 0, '2022-10-30 10:47:37', '2022-10-30 05:17:37'),
(28, 'ORD-028', 28, '2022-10-29', '0', '2022-10-30', 'A-200', '1', '1', '33113', 'OR', 0, '505', '0.645', '325.725', 505, 505, 0, NULL, 0, 0, NULL, NULL, 0, '0.00', '', 0, '2022-10-30 10:48:16', '2022-10-30 05:18:16'),
(29, 'ORD-029', 29, '2022-10-30', '00', '2022-10-30', '0', '9', '5', 'GE-72', 'IR', 0, '5042', '0.440', '2218.480', 5042, 0, 0, NULL, 0, 0, NULL, NULL, 0, '0.00', '', 0, '2022-10-31 23:33:48', '2022-10-30 05:20:24'),
(30, 'ORD-030', 30, '2022-10-30', 'P2/445', '2022-10-01', '119', '12', '4', '33013', 'OR', 0, '1528', '0.4784', '730.995', 1528, 0, 0, NULL, 0, 0, NULL, NULL, 0, '0.00', '', 0, '2022-10-30 19:26:41', '2022-10-30 13:56:41'),
(31, 'ORD-031', 31, '2022-10-21', '00', '2022-10-31', '539', '6', '10', '22208', 'OR', 0, '1506', '0.380', '572.280', 0, 1506, 0, NULL, 0, 0, NULL, NULL, 0, '0.00', '', 0, '2022-10-31 15:20:21', '2022-10-31 09:50:21'),
(32, 'ORD-032', 32, '2022-10-29', '0', '2022-10-31', '544', '6', '19', '3314', 'IR', 0, '152', '2.400', '364.800', 0, 152, 0, NULL, 0, 0, NULL, NULL, 0, '0.00', '', 0, '2022-10-31 15:25:05', '2022-10-31 09:55:05'),
(33, 'ORD-033', 33, '2022-10-30', '0', '2022-10-31', '545', '6', '10', '22208', 'IR', 0, '1443', '0.320', '461.760', 1443, 0, 0, NULL, 0, 0, NULL, NULL, 0, '0.00', '', 0, '2022-10-31 15:25:54', '2022-10-31 09:55:54'),
(34, 'ORD-034', 34, '2022-10-31', 'P2/445', '2022-10-01', '123', '12', '4', '09067/9195', 'SET', 0, '4252', '0.2484', '1056.197', 0, 0, 0, NULL, 0, 0, NULL, NULL, 0, '0.00', '', 0, '2022-10-31 18:42:23', '2022-10-31 13:12:23'),
(35, 'ORD-035', 35, '2022-10-31', 'P1/508', '2022-09-26', '60', '12', '3', '22218', 'IR', 0, '3131', '1.4031', '4393.106', 1600, 0, 0, NULL, 0, 0, NULL, NULL, 0, '0.00', 'IR - K 500PCS', 0, '2022-10-31 18:46:45', '2022-10-31 13:16:45'),
(36, 'ORD-036', 36, '2022-10-31', '00', '2022-10-31', '00', '12', '3', '22218', 'OR', 0, '1100', '1.950', '2145.000', 0, 0, 0, NULL, 0, 0, NULL, NULL, 0, '0.00', '', 0, '2022-10-31 18:58:08', '2022-10-31 13:20:16'),
(37, 'ORD-037', 37, '2022-10-31', '0', '2022-10-31', '317', '20', '20', '88512', 'IR', 0, '1184', '0.650', '769.600', 0, 0, 0, NULL, 0, 0, NULL, NULL, 0, '0.00', '', 0, '2022-10-31 19:07:21', '2022-10-31 13:33:28'),
(38, 'ORD-038', 38, '2022-10-31', '00', '2022-10-31', '316', '20', '20', '84.5X69X31', 'BUSH', 0, '1498', '0.670', '1003.660', 0, 0, 0, NULL, 0, 0, NULL, NULL, 0, '0.00', '', 0, '2022-10-31 19:07:40', '2022-10-31 13:36:48'),
(39, 'ORD-039', 39, '2022-10-31', '00', '2022-10-31', '315', '20', '20', '88512', 'OR', 0, '4430', '0.660', '2923.800', 0, 0, 0, NULL, 0, 0, NULL, NULL, 0, '0.00', '', 0, '2022-10-31 19:10:11', '2022-10-31 13:40:11'),
(40, 'ORD-040', 40, '2022-10-31', '00', '2022-10-31', '00', '7', '7', 'D90019', 'BUSH', 0, '2112', '0.675', '1425.600', 0, 0, 0, NULL, 0, 0, NULL, NULL, 0, '0.00', '', 0, '2022-10-31 19:11:45', '2022-10-31 13:41:45'),
(41, 'ORD-041', 41, '2022-10-31', '00', '2022-10-31', '00', '7', '7', 'D90012', 'BUSH', 0, '704', '1.295', '911.680', 0, 0, 0, NULL, 0, 0, NULL, NULL, 0, '0.00', '', 0, '2022-10-31 19:12:35', '2022-10-31 13:42:35'),
(42, 'ORD-042', 42, '2022-10-31', '00', '2022-10-31', 'A-205', '1', '1', '6461/20', 'OR', 0, '484', '2.188', '1058.992', 0, 0, 0, NULL, 0, 0, NULL, NULL, 0, '0.00', '', 0, '2022-10-31 19:14:09', '2022-10-31 13:44:09'),
(43, 'ORD-043', 43, '2022-10-31', '00', '2022-10-31', 'A-205', '1', '1', '6461/20', 'IR', 0, '476', '1.795', '854.420', 476, 0, 0, NULL, 0, 0, NULL, NULL, 0, '0.00', '', 0, '2022-10-31 19:15:39', '2022-10-31 13:45:39'),
(44, 'ORD-044', 44, '2022-10-31', '00', '2022-10-31', 'A-204', '1', '1', '32220', 'IR', 0, '1318', '2.061', '2716.398', 1318, 0, 0, NULL, 0, 0, NULL, NULL, 0, '0.00', '', 0, '2022-10-31 19:18:30', '2022-10-31 13:48:30'),
(45, 'ORD-045', 45, '2022-10-30', 'P2/445', '2022-10-01', '120', '12', '4', '462/53', 'OR', 0, '1379', '0.6715', '925.999', 1379, 1379, 0, NULL, 0, 0, NULL, NULL, 0, '0.00', '', 0, '2022-10-31 21:42:02', '2022-10-31 16:12:02'),
(46, 'ORD-046', 46, '2022-10-30', 'P2/445', '2022-10-01', '121', '12', '4', '482/72', 'OR', 0, '1574', '0.8647', '1361.038', 0, 0, 0, NULL, 0, 0, NULL, NULL, 0, '0.00', '', 0, '2022-10-31 21:43:55', '2022-10-31 16:13:55'),
(47, 'ORD-047', 47, '2022-10-30', 'P2/445', '2022-10-01', '122', '12', '4', '30302', 'SET', 0, '3130', '0.1562', '488.906', 0, 0, 0, NULL, 0, 0, NULL, NULL, 0, '0.00', '', 0, '2022-10-31 21:46:11', '2022-10-31 16:16:11'),
(48, 'ORD-048', 48, '2022-10-21', '00', '2022-10-31', '26', '11', '11', '1398', 'IR', 0, '1571', '0.535', '840.485', 1571, 1571, 0, NULL, 0, 0, NULL, NULL, 0, '0.00', '', 0, '2022-10-31 21:58:34', '2022-10-31 16:26:15'),
(49, 'ORD-049', 49, '2022-10-30', '00', '2022-10-31', 'A-203', '1', '1', '715345', 'IR', 0, '257', '1.6615', '427.005', 257, 257, 0, NULL, 0, 0, NULL, NULL, 0, '0.00', '', 0, '2022-10-31 22:39:39', '2022-10-31 17:09:39'),
(50, 'ORD-050', 50, '2022-10-30', '00', '2022-10-31', 'A-202', '1', '1', '47690', 'IR', 0, '756', '0.7328', '553.997', 756, 756, 0, NULL, 0, 0, NULL, NULL, 0, '0.00', '', 0, '2022-10-31 23:15:43', '2022-10-31 17:45:43'),
(51, 'ORD-051', 51, '2022-11-01', '00', '2022-11-01', '00', '13', '2', '672', 'OR', 0, '3024', '1.730', '5231.520', 3024, 0, 0, NULL, 0, 0, NULL, NULL, 0, '0.00', '', 0, '2022-11-02 22:48:25', '2022-11-01 10:07:01'),
(52, 'ORD-052', 52, '2022-11-01', '00', '2022-11-01', '680', '21', '20', '77X65X39', 'BUSH', 0, '1495', '0.655', '979.225', 0, 0, 0, NULL, 0, 0, NULL, NULL, 0, '0.00', '', 0, '2022-11-01 22:52:44', '2022-11-01 17:22:44'),
(53, 'ORD-053', 53, '2022-11-01', '00', '2022-11-01', '681', '21', '20', 'VKC-3527', 'BUSH', 0, '700', '0.590', '413.000', 0, 0, 0, NULL, 0, 0, NULL, NULL, 0, '0.00', '', 0, '2022-11-01 22:53:32', '2022-11-01 17:23:32'),
(54, 'ORD-054', 54, '2022-11-01', '00', '2022-11-01', '552', '6', '18', 'JC8017', 'OR', 0, '1504', '0.515', '774.560', 0, 0, 0, NULL, 0, 0, NULL, NULL, 0, '0.00', '', 0, '2022-11-01 22:54:32', '2022-11-01 17:24:32'),
(55, 'ORD-055', 55, '2022-11-01', '0', '2022-11-01', 'X', '9', '2', 'M-6657', 'BUSH', 0, '2525', '0.650', '1641.250', 0, 0, 0, NULL, 0, 0, NULL, NULL, 0, '0.00', '', 0, '2022-11-01 22:55:24', '2022-11-01 17:25:24'),
(56, 'ORD-056', 56, '2022-11-01', '0', '2022-11-01', '553', '6', '10', '22311', 'IR', 0, '476', '0.900', '428.400', 476, 0, 0, NULL, 0, 0, NULL, NULL, 0, '0.00', '', 0, '2022-11-01 22:56:12', '2022-11-01 17:26:12'),
(57, 'ORD-057', 57, '2022-11-01', '0', '2022-11-01', 'A-206', '1', '1', '27687', 'OR', 0, '1003', '0.663', '664.989', 0, 0, 0, NULL, 0, 0, NULL, NULL, 0, '0.00', '', 0, '2022-11-01 22:57:11', '2022-11-01 17:27:11'),
(58, 'ORD-058', 58, '2022-11-01', '0', '2022-11-01', 'A-206', '1', '1', '27687', 'IR', 0, '1002', '0.717', '718.434', 0, 0, 0, NULL, 0, 0, NULL, NULL, 0, '0.00', '', 0, '2022-11-01 22:57:58', '2022-11-01 17:27:58'),
(59, 'ORD-059', 59, '2022-11-01', '0', '2022-11-01', 'A-207', '1', '1', '218248', 'IR', 0, '1484', '1.241', '1841.644', 0, 0, 0, NULL, 0, 0, NULL, NULL, 0, '0.00', '', 0, '2022-11-01 22:59:00', '2022-11-01 17:29:00');

-- --------------------------------------------------------

--
-- Table structure for table `dpi_order_inward`
--

CREATE TABLE `dpi_order_inward` (
  `id` int(11) NOT NULL,
  `orderid` int(11) NOT NULL DEFAULT 0,
  `received_date` varchar(30) DEFAULT NULL,
  `chalan_no` varchar(30) DEFAULT NULL,
  `batch_qty` varchar(30) DEFAULT NULL,
  `total_weight` varchar(30) DEFAULT NULL,
  `isdelete` int(1) DEFAULT 0,
  `updated_on` varchar(30) DEFAULT NULL,
  `created_on` timestamp NOT NULL DEFAULT current_timestamp()
) ENGINE=InnoDB DEFAULT CHARSET=latin1 ROW_FORMAT=COMPACT;

-- --------------------------------------------------------

--
-- Table structure for table `dpi_platform`
--

CREATE TABLE `dpi_platform` (
  `id` int(11) NOT NULL,
  `platformid` varchar(30) DEFAULT NULL,
  `platform_description` text DEFAULT NULL,
  `platform_capacity` varchar(30) DEFAULT NULL,
  `processid` int(11) NOT NULL DEFAULT 0,
  `status` int(1) NOT NULL DEFAULT 0,
  `isdelete` int(1) NOT NULL,
  `updated_on` varchar(30) DEFAULT NULL,
  `created_on` timestamp NOT NULL DEFAULT current_timestamp()
) ENGINE=InnoDB DEFAULT CHARSET=latin1 ROW_FORMAT=COMPACT;

--
-- Dumping data for table `dpi_platform`
--

INSERT INTO `dpi_platform` (`id`, `platformid`, `platform_description`, `platform_capacity`, `processid`, `status`, `isdelete`, `updated_on`, `created_on`) VALUES
(1, 'Platform 01', '', '4000', 0, 0, 0, '2018-10-21 15:30:31', '2018-10-21 10:00:31'),
(2, 'Platform 02', '', '4000', 22, 1, 0, '2022-10-31 22:12:11', '2018-10-21 10:00:41'),
(3, 'Platform 03', '', '4000', 25, 1, 0, '2018-10-21 15:30:52', '2018-10-21 10:00:52'),
(4, 'Platform 04', '', '4000', 19, 1, 0, '2018-10-21 15:31:03', '2018-10-21 10:01:03'),
(5, 'Platform 05', '', '4000', 24, 1, 0, '2018-10-21 15:31:13', '2018-10-21 10:01:13'),
(6, 'Platform 06', '', '4000', 0, 0, 0, '2018-10-21 15:32:01', '2018-10-21 10:02:01'),
(7, 'Platform 07', '', '4000', 21, 1, 0, '2018-10-21 15:32:11', '2018-10-21 10:02:11'),
(8, 'Platform 08', '', '4000', 0, 0, 0, '2018-10-21 15:32:25', '2018-10-21 10:02:25'),
(9, 'Platform 09', '', '7000', 0, 0, 0, '2018-10-21 15:32:58', '2018-10-21 10:02:34'),
(10, 'Platform 10', '', '7000', 23, 1, 0, '2018-10-21 15:33:09', '2018-10-21 10:03:09'),
(11, 'Platform 11', '', '7000', 0, 0, 0, '2018-10-21 15:33:18', '2018-10-21 10:03:18'),
(12, 'EXTRA', '', '150000', 0, 0, 0, '2018-10-22 11:04:09', '2018-10-22 05:34:09');

-- --------------------------------------------------------

--
-- Table structure for table `dpi_platform_material`
--

CREATE TABLE `dpi_platform_material` (
  `id` int(11) NOT NULL,
  `pid` int(11) NOT NULL,
  `orderid` int(11) NOT NULL,
  `qty` int(11) NOT NULL,
  `weight_piece` varchar(30) DEFAULT NULL,
  `total_weight` varchar(30) DEFAULT NULL,
  `status` int(1) NOT NULL DEFAULT 0 COMMENT '0 - Inprocess / 1 - Completed',
  `isdelete` int(1) NOT NULL,
  `updated_on` varchar(30) DEFAULT NULL,
  `created_on` timestamp NOT NULL DEFAULT current_timestamp() ON UPDATE current_timestamp()
) ENGINE=InnoDB DEFAULT CHARSET=latin1 ROW_FORMAT=COMPACT;

--
-- Dumping data for table `dpi_platform_material`
--

INSERT INTO `dpi_platform_material` (`id`, `pid`, `orderid`, `qty`, `weight_piece`, `total_weight`, `status`, `isdelete`, `updated_on`, `created_on`) VALUES
(1, 1, 1, 998, '1.235', '1232.530', 1, 0, '2022-10-18 20:20:31', '2022-10-18 14:55:26'),
(2, 2, 14, 1890, '1.250', '2362.500', 1, 0, '2022-10-29 09:42:14', '2022-10-31 09:16:50'),
(3, 2, 3, 296, '0.640', '189.440', 1, 0, '2022-10-29 09:42:14', '2022-10-31 09:16:50'),
(4, 3, 4, 1510, '1.360', '2053.600', 1, 0, '2022-10-29 09:44:56', '2022-10-31 09:21:11'),
(5, 3, 5, 1005, '0.8149253731343', '819.000', 1, 0, '2022-10-29 09:44:56', '2022-10-31 09:21:11'),
(6, 4, 6, 1589, '0.580', '921.620', 1, 0, '2022-10-29 09:50:56', '2022-10-31 09:17:36'),
(7, 4, 13, 1428, '0.590', '842.520', 1, 0, '2022-10-29 09:50:56', '2022-10-31 09:17:36'),
(8, 4, 7, 261, '2.2605363984674', '590.000', 1, 0, '2022-10-29 09:50:56', '2022-10-31 09:17:37'),
(9, 4, 8, 253, '2.3202', '587.011', 1, 0, '2022-10-29 09:50:56', '2022-10-31 09:17:37'),
(10, 5, 18, 1890, '1.250', '2362.500', 0, 1, '2022-10-29 09:53:13', '2022-10-29 04:23:13'),
(11, 5, 3, 585, '0.640', '374.400', 0, 1, '2022-10-29 09:53:13', '2022-10-29 04:23:13'),
(12, 6, 14, 1310, '1.250', '1637.500', 0, 1, '2022-10-29 09:54:07', '2022-10-29 04:24:07'),
(13, 7, 18, 1890, '1.250', '2362.500', 1, 0, '2022-10-29 09:54:45', '2022-10-31 09:18:52'),
(14, 7, 3, 585, '0.640', '374.400', 1, 0, '2022-10-29 09:54:45', '2022-10-31 09:18:52'),
(15, 8, 23, 1629, '1.920', '3127.680', 1, 0, '2022-10-30 11:16:12', '2022-11-01 09:50:35'),
(16, 8, 20, 306, '2.400', '1099.200', 1, 0, '2022-10-30 11:16:12', '2022-11-01 09:50:35'),
(17, 9, 19, 1400, '1.965', '2751.000', 1, 0, '2022-10-31 14:53:38', '2022-11-01 09:49:24'),
(18, 10, 12, 1578, '0.670', '1057.260', 1, 0, '2022-10-31 21:49:16', '2022-11-01 09:51:37'),
(19, 10, 45, 1379, '0.6715', '925.999', 1, 0, '2022-10-31 21:49:16', '2022-11-01 09:51:37'),
(20, 10, 15, 1000, '.897', '897.000', 1, 0, '2022-10-31 21:49:16', '2022-11-01 09:51:37'),
(25, 12, 31, 1506, '0.380', '572.280', 0, 1, '2022-10-31 22:31:13', '2022-10-31 17:01:13'),
(26, 12, 48, 1571, '0.535', '840.485', 0, 1, '2022-10-31 22:31:13', '2022-10-31 17:01:13'),
(27, 12, 17, 1630, '0.5331288343558', '869.000', 0, 1, '2022-10-31 22:31:13', '2022-10-31 17:01:13'),
(28, 12, 3, 1120, '0.640', '716.800', 0, 1, '2022-10-31 22:31:13', '2022-10-31 17:01:13'),
(29, 13, 31, 1506, '0.380', '572.280', 1, 0, '2022-10-31 22:31:56', '2022-11-01 09:52:33'),
(30, 13, 48, 1571, '0.535', '840.485', 1, 0, '2022-10-31 22:31:56', '2022-11-01 09:52:34'),
(31, 13, 17, 1630, '0.5331288343558', '869.000', 1, 0, '2022-10-31 22:31:56', '2022-11-01 09:52:34'),
(32, 13, 3, 1120, '0.640', '716.800', 1, 0, '2022-10-31 22:31:56', '2022-11-01 09:52:34'),
(33, 14, 24, 2500, '1.295', '3237.500', 1, 0, '2022-10-31 22:40:42', '2022-11-02 17:06:54'),
(34, 14, 27, 255, '1.340', '341.700', 1, 0, '2022-10-31 22:40:42', '2022-11-02 17:06:54'),
(35, 14, 49, 257, '1.6615', '427.005', 1, 0, '2022-10-31 22:40:42', '2022-11-02 17:06:55'),
(36, 15, 22, 2109, '1.385', '2920.965', 1, 0, '2022-10-31 22:54:26', '2022-11-02 17:09:58'),
(37, 16, 21, 1890, '1.250', '2362.500', 1, 0, '2022-10-31 22:58:12', '2022-11-02 17:08:51'),
(38, 16, 16, 502, '0.675', '338.850', 1, 0, '2022-10-31 22:58:12', '2022-11-02 17:08:51'),
(39, 17, 26, 757, '0.750', '567.750', 1, 0, '2022-10-31 23:19:07', '2022-11-02 17:11:30'),
(40, 17, 50, 756, '0.7328', '553.997', 1, 0, '2022-10-31 23:19:07', '2022-11-02 17:11:30'),
(41, 17, 28, 505, '0.645', '325.725', 1, 0, '2022-10-31 23:19:07', '2022-11-02 17:11:30'),
(42, 17, 9, 254, '2.0984251968503', '533.000', 1, 0, '2022-10-31 23:19:07', '2022-11-02 17:11:30'),
(43, 17, 2, 253, '1.7470355731225', '442.000', 1, 0, '2022-10-31 23:19:07', '2022-11-02 17:11:30'),
(44, 17, 22, 179, '1.385', '247.915', 1, 0, '2022-10-31 23:19:07', '2022-11-02 17:11:30'),
(45, 18, 19, 1404, '1.965', '2758.860', 1, 0, '2022-10-31 23:22:05', '2022-11-02 17:12:12'),
(46, 8, 32, 152, '2.400', '365', 1, 0, '2022-10-30 11:16:12', '2022-11-01 09:50:35'),
(47, 19, 29, 5042, '0.440', '2218.480', 0, 0, '2022-11-01 15:27:55', '2022-11-01 09:57:55'),
(48, 19, 19, 196, '1.965', '385.140', 0, 0, '2022-11-01 15:27:55', '2022-11-01 09:57:55'),
(49, 20, 14, 1310, '1.250', '1637.500', 0, 1, '2022-11-01 15:32:19', '2022-11-01 10:02:19'),
(50, 20, 18, 580, '1.250', '725.000', 0, 1, '2022-11-01 15:32:19', '2022-11-01 10:02:19'),
(51, 21, 14, 1310, '1.250', '1637.500', 0, 0, '2022-11-01 15:33:20', '2022-11-01 10:03:20'),
(52, 21, 18, 580, '1.250', '725.000', 0, 0, '2022-11-01 15:33:20', '2022-11-01 10:03:20'),
(53, 21, 33, 1443, '0.320', '461.760', 0, 0, '2022-11-01 15:33:20', '2022-11-01 10:03:21'),
(54, 22, 51, 1512, '1.730', '2615.760', 0, 0, '2022-11-01 15:37:37', '2022-11-01 10:07:37'),
(55, 23, 43, 476, '1.795', '854.420', 0, 0, '2022-11-01 23:01:18', '2022-11-01 17:31:18'),
(56, 23, 44, 1318, '2.061', '2716.398', 0, 0, '2022-11-01 23:01:18', '2022-11-01 17:31:18'),
(57, 23, 56, 476, '0.900', '428.400', 0, 0, '2022-11-01 23:01:18', '2022-11-01 17:31:18'),
(58, 24, 30, 1528, '0.4784', '730.995', 0, 0, '2022-11-02 22:46:07', '2022-11-02 17:16:07'),
(59, 24, 35, 1600, '1.4031', '2244.960', 0, 0, '2022-11-02 22:46:07', '2022-11-02 17:16:07'),
(60, 25, 51, 1512, '1.730', '2615.760', 0, 0, '2022-11-02 22:48:50', '2022-11-02 17:18:50'),
(61, 26, 18, 330, '1.250', '412.500', 0, 1, '2022-11-02 22:51:40', '2022-11-02 17:21:40'),
(62, 26, 21, 1470, '1.250', '1837.500', 0, 1, '2022-11-02 22:51:40', '2022-11-02 17:21:40');

-- --------------------------------------------------------

--
-- Table structure for table `dpi_power_panel`
--

CREATE TABLE `dpi_power_panel` (
  `id` int(11) NOT NULL,
  `panelid` varchar(30) DEFAULT NULL,
  `panel_description` text DEFAULT NULL,
  `processid` int(11) NOT NULL DEFAULT 0,
  `status` int(1) DEFAULT 0,
  `isdelete` int(1) NOT NULL DEFAULT 0,
  `updated_on` varchar(30) DEFAULT NULL,
  `created_on` timestamp NOT NULL DEFAULT current_timestamp()
) ENGINE=InnoDB DEFAULT CHARSET=latin1 ROW_FORMAT=COMPACT;

--
-- Dumping data for table `dpi_power_panel`
--

INSERT INTO `dpi_power_panel` (`id`, `panelid`, `panel_description`, `processid`, `status`, `isdelete`, `updated_on`, `created_on`) VALUES
(1, 'Panel 1', '', 25, 1, 0, '2022-10-29 09:48:13', '2018-10-22 05:26:01'),
(2, 'Panel 2', '', 24, 1, 0, '2018-10-22 10:56:10', '2018-10-22 05:26:10'),
(3, 'Panel 3', '', 0, 0, 0, '2018-10-22 10:56:17', '2018-10-22 05:26:17'),
(4, 'Panel 4', '', 23, 1, 0, '2018-10-22 10:56:23', '2018-10-22 05:26:23'),
(5, 'EXTRA', '', 0, 0, 0, '2018-10-22 11:05:00', '2018-10-22 05:35:00'),
(6, 'Panel 5', '', 0, 0, 0, '2022-07-28 19:35:19', '2022-07-28 14:05:19'),
(7, 'PANEL  1', '', 0, 0, 0, '2022-10-29 09:48:59', '2022-10-29 04:18:59');

-- --------------------------------------------------------

--
-- Table structure for table `dpi_process`
--

CREATE TABLE `dpi_process` (
  `id` int(11) NOT NULL,
  `platformid` int(11) NOT NULL DEFAULT 0,
  `start_preparing` varchar(30) DEFAULT NULL,
  `end_removing` varchar(30) DEFAULT NULL,
  `furnaceid` int(11) DEFAULT 0,
  `attach_furnace` varchar(30) DEFAULT NULL,
  `dettach_furnace` varchar(30) DEFAULT NULL,
  `panelid` int(11) NOT NULL DEFAULT 0,
  `attach_panel` varchar(30) DEFAULT NULL,
  `dettach_panel` varchar(30) DEFAULT NULL,
  `platform_capacity` int(11) NOT NULL DEFAULT 0,
  `remaining_capacity` int(11) NOT NULL DEFAULT 0,
  `status` int(1) NOT NULL,
  `isdelete` int(1) NOT NULL,
  `updated_on` varchar(30) NOT NULL,
  `created_on` timestamp NOT NULL DEFAULT current_timestamp()
) ENGINE=InnoDB DEFAULT CHARSET=latin1 ROW_FORMAT=COMPACT;

--
-- Dumping data for table `dpi_process`
--

INSERT INTO `dpi_process` (`id`, `platformid`, `start_preparing`, `end_removing`, `furnaceid`, `attach_furnace`, `dettach_furnace`, `panelid`, `attach_panel`, `dettach_panel`, `platform_capacity`, `remaining_capacity`, `status`, `isdelete`, `updated_on`, `created_on`) VALUES
(1, 6, '14/10/2022 09:00 AM', '22/10/2022 07:00 PM', 6, '14/10/2022 11:00 AM', '18/10/2022 08:23 PM', 2, '14/10/2022 11:10 AM', '15/10/2022 7:10 AM', 4000, 2767, 5, 0, '2022-10-23 10:02:09', '2022-10-18 14:50:31'),
(2, 1, '29/10/2022 08:41 AM', '31/10/2022 04:30 AM', 8, '29/10/2022 09:10 AM', '31/10/2022 04:30 AM', 6, '29/10/2022 09:20 AM', '30/10/2022 05:45 AM', 4000, 1448, 5, 0, '2022-10-31 14:49:34', '2022-10-29 04:12:14'),
(3, 4, '29/10/2022 08:45 AM', '31/10/2022 07:10 AM', 6, '29/10/2022 09:10 AM', '31/10/2022 07:10 AM', 7, '29/10/2022 09:20 AM', '30/10/2022 5:20 AM', 4000, 1127, 5, 0, '2022-10-31 14:51:11', '2022-10-29 04:14:56'),
(4, 6, '29/10/2022 08:45 AM', '31/10/2022 09:20 AM', 1, '29/10/2022 09:10 AM', '31/10/2022 09:20 AM', 2, '29/10/2022 09:20 AM', '30/10/2022 08:20 AM', 4000, 1059, 5, 0, '2022-10-31 14:49:13', '2022-10-29 04:20:56'),
(5, 8, '29/10/2022 08:45 AM', '', 0, '', '', 0, '', '', 4000, 1263, 1, 1, '2022-10-29 09:53:13', '2022-10-29 04:22:39'),
(6, 8, '29/10/2022 08:45 AM', '', 0, '', '', 0, '', '', 4000, 2363, 1, 1, '2022-10-29 09:54:07', '2022-10-29 04:23:38'),
(7, 8, '29/10/2022 08:45 AM', '31/10/2022 04:45 AM', 5, '29/10/2022 09:10 AM', '31/10/2022 04:45 AM', 3, '29/10/2022 09:20 AM', '30/10/2022 07:00 AM', 4000, 1263, 5, 0, '2022-10-31 14:48:52', '2022-10-29 04:24:45'),
(8, 11, '29/10/2022 03:30 PM', '01/11/2022 01:45 AM', 10, '29/10/2022 04:15 PM', '01/10/2022 01:45 AM', 4, '29/10/2022 04:30 PM', '30/10/2022 11:15 AM', 7000, 3138, 5, 0, '2022-11-01 15:20:34', '2022-10-30 05:46:12'),
(9, 7, '30/10/2022 06:30 PM', '01/11/2022 05:10 AM', 7, '30/10/2022 07:00 PM', '01/11/2022 05:10 AM', 3, '30/10/2022 07:10 PM', '31/10/2022 05:00 AM', 4000, 1249, 5, 0, '2022-11-01 15:19:24', '2022-10-31 09:23:38'),
(10, 5, '30/10/2022 06:45 AM', '01/11/2022 07:20 AM', 4, '30/10/2022 08:15 AM', '01/11/2022 07:20 AM', 2, '30/10/2022 08:30 AM', '31/10/2022 07:50 AM', 4000, 1120, 5, 0, '2022-11-01 15:21:37', '2022-10-31 16:19:16'),
(12, 2, '30/10/2022 04:29 AM', '', 1, '30/10/2022 10:30 PM', '', 0, '', '', 4000, 1001, 2, 1, '2022-10-31 22:31:13', '2022-10-31 17:00:16'),
(13, 2, '30/10/2022 04:31 AM', '01/11/2022 07:25 AM', 2, '30/10/2022 05:32 AM', '01/11/2022 07:25 AM', 6, '30/10/2022 05:50 AM', '31/10/2022 04:30 AM', 4000, 1001, 5, 0, '2022-11-01 15:22:33', '2022-10-31 17:01:56'),
(14, 9, '31/10/2022 01:05 AM', '02/11/2022 12:00 PM', 9, '31/10/2022 01:20 AM', '02/11/2022 12:00 PM', 4, '31/10/2022 01:30 AM', '01/10/2022 08:30 AM', 7000, 2994, 5, 0, '2022-11-02 22:36:54', '2022-10-31 17:10:42'),
(15, 1, '31/10/2022 08:44 AM', '02/11/2022 08:10 AM', 1, '31/10/2022 10:54 AM', '02/11/2022 08:10 AM', 6, '31/10/2022 11:00 AM', '01/11/2022 08:00 AM', 4000, 1079, 5, 0, '2022-11-02 22:39:58', '2022-10-31 17:24:26'),
(16, 3, '31/10/2022 02:57 AM', '02/11/2022 07:00 AM', 8, '31/10/2022 05:10 AM', '02/11/2022 07:00 AM', 1, '31/10/2022 04:50 AM', '31/10/2022 09:00 AM', 4000, 1299, 5, 0, '2022-11-02 22:38:51', '2022-10-31 17:28:12'),
(17, 8, '31/10/2022 01:00 PM', '02/11/2022 10:20 AM', 5, '31/10/2022 02:45 PM', '02/11/2022 10:20 AM', 3, '31/10/2022 03:00 PM', '01/11/2022 01:00 PM', 4000, 1330, 5, 0, '2022-11-02 22:41:30', '2022-10-31 17:49:07'),
(18, 6, '31/10/2022 02:00 PM', '02/11/2022 04:45 PM', 6, '31/10/2022 04:22 PM', '02/11/2022 04:45 PM', 2, '31/10/2022 04:30 PM', '01/11/2022 06:40 PM', 4000, 1241, 5, 0, '2022-11-02 22:42:12', '2022-10-31 17:52:05'),
(19, 4, '01/11/2022 07:30 AM', '', 7, '01/11/2022 08:00 AM', '02/11/2022 10:44 PM', 1, '01/11/2022 08:30 AM', '02/11/2022 08:40 AM', 4000, 1396, 4, 0, '2022-11-02 22:44:30', '2022-11-01 09:57:55'),
(20, 7, '01/11/2022 03:32 PM', '', 0, '', '', 0, '', '', 4000, 1638, 1, 1, '2022-11-01 15:32:19', '2022-11-01 10:02:09'),
(21, 7, '01/11/2022 12:13 PM', '', 4, '01/11/2022 01:00 PM', '02/11/2022 10:44 PM', 3, '01/11/2022 01:15 PM', '02/11/2022 11:30 AM', 4000, 1176, 4, 0, '2022-11-02 22:45:01', '2022-11-01 10:03:20'),
(22, 2, '01/11/2022 01:00 PM', '', 2, '01/11/2022 02:30 PM', '02/11/2022 10:43 PM', 6, '01/11/2022 03:00 PM', '02/11/2022 11:00 AM', 4000, 1384, 4, 0, '2022-11-02 22:43:44', '2022-11-01 10:07:37'),
(23, 10, '01/11/2022 05:00 PM', '', 10, '02/11/2022 07:30 PM', '', 4, '01/11/2022 08:00 PM', '02/11/2022 4:00 PM', 7000, 3001, 3, 0, '2022-11-01 23:02:05', '2022-11-01 17:31:18'),
(24, 5, '02/11/2022 05:30 PM', '', 8, '02/11/2022 06:25 PM', '', 2, '02/11/2022 07:00 PM', '03/11/2022 3:00 PM', 4000, 1024, 3, 0, '2022-11-02 22:47:31', '2022-11-02 17:16:07'),
(25, 3, '02/11/2022 09:48 AM', '', 5, '02/11/2022 10:48 AM', '', 1, '02/11/2022 11:00 AM', '03/11/2022 7:00 AM', 4000, 1384, 3, 0, '2022-11-02 22:49:22', '2022-11-02 17:18:50'),
(26, 1, '02/11/2022 12:50 PM', '', 0, '', '', 0, '', '', 4000, 1750, 1, 1, '2022-11-02 22:51:40', '2022-11-02 17:21:29');

-- --------------------------------------------------------

--
-- Table structure for table `dpi_stock_log`
--

CREATE TABLE `dpi_stock_log` (
  `id` bigint(20) NOT NULL,
  `orderid` int(11) NOT NULL DEFAULT 0,
  `subid` int(11) NOT NULL DEFAULT 0,
  `qty` int(11) NOT NULL DEFAULT 0,
  `status` tinyint(1) NOT NULL DEFAULT 0,
  `ucol` varchar(1) DEFAULT NULL,
  `created_on` timestamp NOT NULL DEFAULT current_timestamp()
) ENGINE=InnoDB DEFAULT CHARSET=latin1;

--
-- Dumping data for table `dpi_stock_log`
--

INSERT INTO `dpi_stock_log` (`id`, `orderid`, `subid`, `qty`, `status`, `ucol`, `created_on`) VALUES
(1, 1, 1, 998, 1, NULL, '2022-10-18 14:47:21'),
(2, 1, 1, 998, 1, NULL, '2022-10-18 14:50:32'),
(3, 1, 1, 998, 1, NULL, '2022-10-18 14:55:26'),
(5, 2, 2, 253, 1, NULL, '2022-10-22 12:53:23'),
(6, 3, 3, 2001, 1, NULL, '2022-10-22 13:04:21'),
(7, 4, 4, 1510, 1, NULL, '2022-10-22 13:10:37'),
(8, 5, 5, 1005, 1, NULL, '2022-10-22 13:13:14'),
(9, 6, 6, 1589, 1, NULL, '2022-10-22 13:18:52'),
(10, 7, 7, 261, 1, NULL, '2022-10-22 13:23:35'),
(11, 8, 8, 253, 1, NULL, '2022-10-22 13:25:14'),
(12, 9, 9, 254, 1, NULL, '2022-10-22 13:27:37'),
(13, 1, 2, 998, 4, NULL, '2022-10-22 13:58:21'),
(14, 10, 10, 500, 1, NULL, '2022-10-22 14:20:08'),
(15, 11, 11, 500, 1, NULL, '2022-10-22 14:21:59'),
(16, 12, 12, 1578, 1, NULL, '2022-10-22 14:30:36'),
(17, 13, 13, 1428, 1, NULL, '2022-10-22 14:31:48'),
(18, 14, 14, 3200, 1, NULL, '2022-10-22 14:33:49'),
(19, 1, 1, 998, 1, NULL, '2022-10-23 04:32:10'),
(20, 15, 15, 1000, 1, NULL, '2022-10-23 08:41:38'),
(21, 16, 16, 502, 1, NULL, '2022-10-23 08:43:22'),
(22, 17, 17, 1630, 1, NULL, '2022-10-23 09:36:36'),
(23, 18, 18, 2800, 1, NULL, '2022-10-23 10:41:51'),
(24, 14, 2, 1890, 2, NULL, '2022-10-29 04:12:14'),
(25, 3, 3, 296, 2, NULL, '2022-10-29 04:12:15'),
(26, 4, 4, 1510, 2, NULL, '2022-10-29 04:14:57'),
(27, 5, 5, 1005, 2, NULL, '2022-10-29 04:14:57'),
(28, 6, 6, 1589, 2, NULL, '2022-10-29 04:20:56'),
(29, 13, 7, 1428, 2, NULL, '2022-10-29 04:20:56'),
(30, 7, 8, 261, 2, NULL, '2022-10-29 04:20:57'),
(31, 8, 9, 253, 2, NULL, '2022-10-29 04:20:57'),
(35, 18, 13, 1890, 2, NULL, '2022-10-29 04:24:45'),
(36, 3, 14, 585, 2, NULL, '2022-10-29 04:24:45'),
(37, 19, 19, 3000, 1, NULL, '2022-10-30 05:03:48'),
(38, 20, 20, 306, 1, NULL, '2022-10-30 05:07:14'),
(39, 21, 21, 7920, 1, NULL, '2022-10-30 05:08:52'),
(40, 22, 22, 2288, 1, NULL, '2022-10-30 05:10:30'),
(41, 23, 23, 1629, 1, NULL, '2022-10-30 05:11:53'),
(42, 24, 24, 2500, 1, NULL, '2022-10-30 05:12:50'),
(43, 25, 25, 1642, 1, NULL, '2022-10-30 05:14:05'),
(44, 26, 26, 757, 1, NULL, '2022-10-30 05:15:41'),
(45, 27, 27, 255, 1, NULL, '2022-10-30 05:17:37'),
(46, 28, 28, 505, 1, NULL, '2022-10-30 05:18:17'),
(47, 29, 29, 5042, 1, NULL, '2022-10-30 05:20:24'),
(48, 23, 15, 1629, 2, NULL, '2022-10-30 05:46:12'),
(49, 20, 16, 306, 2, NULL, '2022-10-30 05:46:12'),
(50, 30, 30, 1528, 1, NULL, '2022-10-30 13:56:41'),
(51, 14, 2, 1890, 3, NULL, '2022-10-31 09:16:50'),
(52, 3, 3, 296, 3, NULL, '2022-10-31 09:16:50'),
(53, 6, 6, 1589, 3, NULL, '2022-10-31 09:17:36'),
(54, 13, 7, 1428, 3, NULL, '2022-10-31 09:17:36'),
(55, 7, 8, 261, 3, NULL, '2022-10-31 09:17:37'),
(56, 8, 9, 253, 3, NULL, '2022-10-31 09:17:37'),
(57, 18, 13, 1890, 3, NULL, '2022-10-31 09:18:52'),
(58, 3, 14, 585, 3, NULL, '2022-10-31 09:18:52'),
(59, 4, 4, 1510, 3, NULL, '2022-10-31 09:21:11'),
(60, 5, 5, 1005, 3, NULL, '2022-10-31 09:21:11'),
(61, 19, 17, 1400, 2, NULL, '2022-10-31 09:23:38'),
(62, 31, 31, 1506, 1, NULL, '2022-10-31 09:50:21'),
(63, 32, 32, 152, 1, NULL, '2022-10-31 09:55:05'),
(64, 33, 33, 1443, 1, NULL, '2022-10-31 09:55:54'),
(65, 34, 34, 4252, 1, NULL, '2022-10-31 13:12:23'),
(66, 35, 35, 3131, 1, NULL, '2022-10-31 13:16:45'),
(67, 36, 36, 1100, 1, NULL, '2022-10-31 13:20:16'),
(68, 37, 37, 1184, 1, NULL, '2022-10-31 13:33:28'),
(69, 38, 38, 1498, 1, NULL, '2022-10-31 13:36:48'),
(70, 39, 39, 4430, 1, NULL, '2022-10-31 13:40:11'),
(71, 40, 40, 2112, 1, NULL, '2022-10-31 13:41:45'),
(72, 41, 41, 704, 1, NULL, '2022-10-31 13:42:35'),
(73, 42, 42, 484, 1, NULL, '2022-10-31 13:44:10'),
(74, 43, 43, 476, 1, NULL, '2022-10-31 13:45:39'),
(75, 44, 44, 1318, 1, NULL, '2022-10-31 13:48:30'),
(76, 45, 45, 1379, 1, NULL, '2022-10-31 16:12:02'),
(77, 46, 46, 1574, 1, NULL, '2022-10-31 16:13:55'),
(78, 47, 47, 3130, 1, NULL, '2022-10-31 16:16:12'),
(79, 12, 18, 1578, 2, NULL, '2022-10-31 16:19:17'),
(80, 45, 19, 1379, 2, NULL, '2022-10-31 16:19:17'),
(81, 15, 20, 1000, 2, NULL, '2022-10-31 16:19:17'),
(91, 29, 29, 5042, 1, NULL, '2022-10-31 17:01:57'),
(92, 48, 30, 1571, 2, NULL, '2022-10-31 17:01:57'),
(93, 17, 31, 1630, 2, NULL, '2022-10-31 17:01:57'),
(94, 3, 32, 1120, 2, NULL, '2022-10-31 17:01:57'),
(95, 49, 49, 257, 1, NULL, '2022-10-31 17:09:40'),
(96, 24, 33, 2500, 2, NULL, '2022-10-31 17:10:42'),
(97, 27, 34, 255, 2, NULL, '2022-10-31 17:10:42'),
(98, 49, 35, 257, 2, NULL, '2022-10-31 17:10:42'),
(99, 22, 36, 2109, 2, NULL, '2022-10-31 17:24:26'),
(100, 21, 37, 1890, 2, NULL, '2022-10-31 17:28:12'),
(101, 16, 38, 502, 2, NULL, '2022-10-31 17:28:13'),
(102, 50, 50, 756, 1, NULL, '2022-10-31 17:45:43'),
(103, 26, 39, 757, 2, NULL, '2022-10-31 17:49:07'),
(104, 50, 40, 756, 2, NULL, '2022-10-31 17:49:07'),
(105, 28, 41, 505, 2, NULL, '2022-10-31 17:49:07'),
(106, 9, 42, 254, 2, NULL, '2022-10-31 17:49:07'),
(107, 2, 43, 253, 2, NULL, '2022-10-31 17:49:08'),
(108, 22, 44, 179, 2, NULL, '2022-10-31 17:49:08'),
(109, 19, 45, 1404, 2, NULL, '2022-10-31 17:52:05'),
(111, 19, 17, 1400, 3, NULL, '2022-11-01 09:49:24'),
(112, 23, 15, 1629, 3, NULL, '2022-11-01 09:50:35'),
(113, 20, 16, 306, 3, NULL, '2022-11-01 09:50:35'),
(114, 32, 46, 152, 3, NULL, '2022-11-01 09:50:35'),
(115, 12, 18, 1578, 3, NULL, '2022-11-01 09:51:37'),
(116, 45, 19, 1379, 3, NULL, '2022-11-01 09:51:37'),
(117, 15, 20, 1000, 3, NULL, '2022-11-01 09:51:37'),
(118, 31, 29, 1506, 3, NULL, '2022-11-01 09:52:33'),
(119, 48, 30, 1571, 3, NULL, '2022-11-01 09:52:34'),
(120, 17, 31, 1630, 3, NULL, '2022-11-01 09:52:34'),
(121, 3, 32, 1120, 3, NULL, '2022-11-01 09:52:34'),
(122, 29, 47, 5042, 2, NULL, '2022-11-01 09:57:55'),
(123, 19, 48, 196, 2, NULL, '2022-11-01 09:57:55'),
(126, 51, 51, 3024, 1, NULL, '2022-11-01 10:03:20'),
(127, 18, 52, 580, 2, NULL, '2022-11-01 10:03:21'),
(128, 33, 53, 1443, 2, NULL, '2022-11-01 10:03:21'),
(129, 51, 51, 3024, 1, NULL, '2022-11-01 10:07:01'),
(130, 51, 54, 1512, 2, NULL, '2022-11-01 10:07:37'),
(131, 52, 52, 1495, 1, NULL, '2022-11-01 17:22:44'),
(132, 53, 53, 700, 1, NULL, '2022-11-01 17:23:32'),
(133, 54, 54, 1504, 1, NULL, '2022-11-01 17:24:32'),
(134, 55, 55, 2525, 1, NULL, '2022-11-01 17:25:24'),
(135, 56, 56, 476, 1, NULL, '2022-11-01 17:26:12'),
(136, 57, 57, 1003, 1, NULL, '2022-11-01 17:27:11'),
(137, 58, 58, 1002, 1, NULL, '2022-11-01 17:27:58'),
(138, 59, 59, 1484, 1, NULL, '2022-11-01 17:29:00'),
(139, 43, 55, 476, 2, NULL, '2022-11-01 17:31:18'),
(140, 44, 56, 1318, 2, NULL, '2022-11-01 17:31:18'),
(141, 56, 57, 476, 2, NULL, '2022-11-01 17:31:18'),
(142, 24, 33, 2500, 3, NULL, '2022-11-02 17:06:54'),
(143, 27, 34, 255, 3, NULL, '2022-11-02 17:06:54'),
(144, 49, 35, 257, 3, NULL, '2022-11-02 17:06:55'),
(145, 21, 37, 1890, 3, NULL, '2022-11-02 17:08:51'),
(146, 16, 38, 502, 3, NULL, '2022-11-02 17:08:51'),
(147, 22, 36, 2109, 3, NULL, '2022-11-02 17:09:58'),
(148, 26, 39, 757, 3, NULL, '2022-11-02 17:11:30'),
(149, 50, 40, 756, 3, NULL, '2022-11-02 17:11:30'),
(150, 28, 41, 505, 3, NULL, '2022-11-02 17:11:30'),
(151, 9, 42, 254, 3, NULL, '2022-11-02 17:11:30'),
(152, 2, 43, 253, 3, NULL, '2022-11-02 17:11:30'),
(153, 22, 44, 179, 3, NULL, '2022-11-02 17:11:30'),
(154, 19, 45, 1404, 3, NULL, '2022-11-02 17:12:12'),
(155, 30, 58, 1528, 2, NULL, '2022-11-02 17:16:07'),
(156, 35, 59, 1600, 2, NULL, '2022-11-02 17:16:07'),
(157, 51, 60, 1512, 2, NULL, '2022-11-02 17:18:50');

--
-- Triggers `dpi_stock_log`
--
DELIMITER $$
CREATE TRIGGER `StockInsert` AFTER INSERT ON `dpi_stock_log` FOR EACH ROW UPDATE dpi_order set qty_used=(SELECT sum(qty) from dpi_stock_log where orderid=new.orderid and status =2),qty_ready=(SELECT sum(qty) from dpi_stock_log where orderid=new.orderid and status =3),qty_dispatch=(SELECT sum(qty) from dpi_stock_log where orderid=new.orderid and status =4) where id=new.orderid
$$
DELIMITER ;
DELIMITER $$
CREATE TRIGGER `StockUpdate` AFTER UPDATE ON `dpi_stock_log` FOR EACH ROW UPDATE dpi_order set qty_used=(SELECT sum(qty) from dpi_stock_log where orderid=new.orderid and status =2),qty_ready=(SELECT sum(qty) from dpi_stock_log where orderid=new.orderid and status =3),qty_dispatch=(SELECT sum(qty) from dpi_stock_log where orderid=new.orderid and status =4) where id=new.orderid
$$
DELIMITER ;

-- --------------------------------------------------------

--
-- Table structure for table `dpi_userinfo`
--

CREATE TABLE `dpi_userinfo` (
  `id` int(11) NOT NULL,
  `user_email` varchar(50) DEFAULT NULL,
  `user_password` varchar(100) DEFAULT NULL,
  `user_image` varchar(255) DEFAULT NULL,
  `user_mob` varchar(20) DEFAULT NULL,
  `user_fname` varchar(30) DEFAULT NULL,
  `user_lname` varchar(30) DEFAULT NULL,
  `user_fullname` varchar(255) DEFAULT NULL,
  `company_name` varchar(50) DEFAULT NULL,
  `company_address` varchar(255) DEFAULT NULL,
  `company_logo` varchar(255) DEFAULT NULL,
  `company_panno` varchar(20) DEFAULT NULL,
  `company_gstno` varchar(30) DEFAULT NULL,
  `user_blocked` int(11) NOT NULL DEFAULT 0 COMMENT '1 - Unblock / 0 - Block',
  `user_last_login` varchar(255) DEFAULT NULL,
  `user_session` varchar(100) DEFAULT NULL,
  `user_type` int(11) NOT NULL DEFAULT 2 COMMENT '1 - Superadmin / 2 - Executive',
  `isdelete` int(1) NOT NULL DEFAULT 0,
  `updated_on` varchar(30) DEFAULT NULL,
  `created_on` timestamp NOT NULL DEFAULT current_timestamp()
) ENGINE=InnoDB DEFAULT CHARSET=latin1 ROW_FORMAT=COMPACT;

--
-- Dumping data for table `dpi_userinfo`
--

INSERT INTO `dpi_userinfo` (`id`, `user_email`, `user_password`, `user_image`, `user_mob`, `user_fname`, `user_lname`, `user_fullname`, `company_name`, `company_address`, `company_logo`, `company_panno`, `company_gstno`, `user_blocked`, `user_last_login`, `user_session`, `user_type`, `isdelete`, `updated_on`, `created_on`) VALUES
(1, 'admin@gmail.com', 'admin@123', 'uploads/LOGO.jpg', '8585848484', 'DPI', 'Ind', 'DCM PRECISION IND', 'DCM PRECISION INDUSTRIES', 'SURVEY NO. 175, PLOT NO. 1/2, NEAR MARSHAL TECHNO CAST, SIDC ROAD, VERAVAL (SHAPAR) DIST : RAJKOT  360024', 'uploads/LOGO1.jpg', 'AAJFD8896L', '24AAJFD8896L1ZN', 1, NULL, NULL, 1, 0, '2018-11-25 19:12:55', '2018-10-22 03:44:12');

-- --------------------------------------------------------

--
-- Table structure for table `dpi_user_roles`
--

CREATE TABLE `dpi_user_roles` (
  `id` int(11) NOT NULL,
  `user_role` varchar(50) DEFAULT NULL,
  `cdtime` timestamp NOT NULL DEFAULT current_timestamp()
) ENGINE=InnoDB DEFAULT CHARSET=latin1 ROW_FORMAT=COMPACT;

-- --------------------------------------------------------

--
-- Table structure for table `dpi_vehicle`
--

CREATE TABLE `dpi_vehicle` (
  `id` int(11) NOT NULL,
  `driver_name` varchar(50) DEFAULT NULL,
  `vehicle_type` varchar(50) DEFAULT NULL,
  `vehicle_no` varchar(50) DEFAULT NULL,
  `status` int(11) DEFAULT 0,
  `isdelete` int(1) NOT NULL,
  `updated_on` varchar(30) DEFAULT NULL,
  `created_on` timestamp NOT NULL DEFAULT current_timestamp()
) ENGINE=InnoDB DEFAULT CHARSET=latin1 ROW_FORMAT=COMPACT;

--
-- Dumping data for table `dpi_vehicle`
--

INSERT INTO `dpi_vehicle` (`id`, `driver_name`, `vehicle_type`, `vehicle_no`, `status`, `isdelete`, `updated_on`, `created_on`) VALUES
(1, 'RAJUBHAI', 'RIXA', 'GJ03AZ6483', 0, 0, '2018-11-16 18:40:14', '2018-11-10 07:56:50'),
(2, 'ARVINDBHAI', 'BOLERO', 'GJ03BT9816', 0, 0, '2018-11-16 18:26:05', '2018-11-10 08:57:23'),
(3, 'RANCHHODBHAI', 'RIXA', 'GJ03X1709', 0, 0, '2018-11-15 11:17:39', '2018-11-15 05:47:39'),
(4, 'VALLABHBHAI', 'RIXA', 'GJ03V3673', 0, 0, '2018-11-15 11:18:32', '2018-11-15 05:48:32'),
(5, 'DCM IND', 'SELF', 'LATHE DEPT.', 0, 0, '2022-10-30 15:13:01', '2018-11-15 06:12:10'),
(6, 'NAVINBHAI', 'BOLERO', 'GJ03BT4396', 0, 0, '2018-11-16 18:48:25', '2018-11-16 13:18:04'),
(7, 'JAYESHBHAI', 'BOLERO', 'GJ27V8046', 0, 0, '2018-11-16 18:48:16', '2018-11-16 13:18:16'),
(8, 'AJAYBHAI', 'RIXA', 'GJ03BV6532', 0, 0, '2018-11-19 11:31:25', '2018-11-19 06:01:25'),
(9, 'VINUBHAI', 'RIXA', 'GJ03Y6490', 0, 0, '2018-11-24 09:55:56', '2018-11-24 04:25:56'),
(10, 'NAGJIBHAI', 'BOL', 'GJ03AX7787', 0, 0, '2018-11-24 09:58:21', '2018-11-24 04:28:21'),
(11, 'HAMABHAI', 'BOLERO', 'GJ03AZ9457', 0, 0, '2018-11-24 19:21:17', '2018-11-24 13:51:17'),
(12, 'DHARMENDRA', 'TEMPO', 'GJ11TT5747', 0, 0, '2020-03-03 10:34:06', '2020-03-03 05:04:06'),
(13, 'RAKESHBHAI', 'BOLERO', 'GJ03BV7554', 0, 0, '2022-11-01 11:31:28', '2022-11-01 06:01:28');

-- --------------------------------------------------------

--
-- Table structure for table `joblist`
--

CREATE TABLE `joblist` (
  `id` bigint(20) NOT NULL,
  `jobno` varchar(100) NOT NULL,
  `status` int(1) NOT NULL DEFAULT 0,
  `datetime` timestamp NULL DEFAULT current_timestamp() ON UPDATE current_timestamp()
) ENGINE=InnoDB DEFAULT CHARSET=latin1;

-- --------------------------------------------------------

--
-- Table structure for table `machine`
--

CREATE TABLE `machine` (
  `id` bigint(20) NOT NULL,
  `machine` varchar(50) NOT NULL,
  `status` tinyint(4) NOT NULL DEFAULT 1,
  `datetime` timestamp NULL DEFAULT current_timestamp() ON UPDATE current_timestamp()
) ENGINE=InnoDB DEFAULT CHARSET=latin1;

-- --------------------------------------------------------

--
-- Table structure for table `operator`
--

CREATE TABLE `operator` (
  `id` bigint(20) NOT NULL,
  `operator` varchar(100) NOT NULL,
  `email` varchar(100) NOT NULL,
  `mobile` varchar(15) NOT NULL,
  `joining` varchar(20) NOT NULL,
  `address` varchar(255) NOT NULL,
  `salary` int(11) NOT NULL,
  `status` int(1) NOT NULL DEFAULT 0,
  `datetime` timestamp NULL DEFAULT current_timestamp() ON UPDATE current_timestamp()
) ENGINE=InnoDB DEFAULT CHARSET=latin1;

-- --------------------------------------------------------

--
-- Table structure for table `production_1`
--

CREATE TABLE `production_1` (
  `id` bigint(20) NOT NULL,
  `productiondate` date NOT NULL,
  `machine` bigint(20) NOT NULL,
  `customer` bigint(20) NOT NULL,
  `operator` bigint(20) NOT NULL,
  `shift` varchar(10) NOT NULL,
  `part_count_start` int(11) NOT NULL,
  `part_count_end` int(11) NOT NULL,
  `job_no` varchar(50) NOT NULL,
  `setup` int(1) NOT NULL DEFAULT 0,
  `batch_no` varchar(50) NOT NULL,
  `job_cycle_time` int(11) NOT NULL,
  `required_product_q_per_hr` int(11) NOT NULL,
  `datetime` timestamp NULL DEFAULT current_timestamp() ON UPDATE current_timestamp()
) ENGINE=InnoDB DEFAULT CHARSET=latin1;

-- --------------------------------------------------------

--
-- Table structure for table `production_2`
--

CREATE TABLE `production_2` (
  `id` bigint(20) NOT NULL,
  `production_1` bigint(20) NOT NULL,
  `time_1` int(11) NOT NULL,
  `q_after_1` int(11) NOT NULL,
  `time_2` int(11) NOT NULL,
  `q_after_2` int(11) NOT NULL,
  `time_3` int(11) NOT NULL,
  `q_after_3` int(11) NOT NULL,
  `time_4` int(11) NOT NULL,
  `q_after_4` int(11) NOT NULL,
  `time_5` int(11) NOT NULL,
  `q_after_5` int(11) NOT NULL,
  `time_6` int(11) NOT NULL,
  `q_after_6` int(11) NOT NULL,
  `time_7` int(11) NOT NULL,
  `q_after_7` int(11) NOT NULL,
  `time_8` int(11) NOT NULL,
  `q_after_8` int(11) NOT NULL,
  `time_9` int(11) NOT NULL,
  `q_after_9` int(11) NOT NULL,
  `time_10` int(11) NOT NULL,
  `q_after_10` int(11) NOT NULL,
  `time_11` int(11) NOT NULL,
  `q_after_11` int(11) NOT NULL,
  `time_12` int(11) NOT NULL,
  `q_after_12` int(11) NOT NULL,
  `total_q_before_rejection` int(11) NOT NULL,
  `datetime` timestamp NULL DEFAULT current_timestamp() ON UPDATE current_timestamp()
) ENGINE=InnoDB DEFAULT CHARSET=latin1;

-- --------------------------------------------------------

--
-- Table structure for table `production_3`
--

CREATE TABLE `production_3` (
  `id` bigint(20) NOT NULL,
  `production_1` bigint(20) NOT NULL,
  `variation_nos` int(11) NOT NULL,
  `turning_rejection_nos` int(11) NOT NULL,
  `setting_rejection_nos` int(11) NOT NULL,
  `pre_machining_rejection_nos` int(11) NOT NULL,
  `forging_rejection_nos` int(11) NOT NULL,
  `total_q_after_rejection` int(11) NOT NULL,
  `expected_q` int(11) NOT NULL,
  `setting_hr` int(11) NOT NULL,
  `production_loss_increase_q` varchar(11) NOT NULL DEFAULT '0',
  `production_per` float NOT NULL,
  `datetime` timestamp NULL DEFAULT current_timestamp() ON UPDATE current_timestamp()
) ENGINE=InnoDB DEFAULT CHARSET=latin1;

-- --------------------------------------------------------

--
-- Table structure for table `production_machine_breakdown`
--

CREATE TABLE `production_machine_breakdown` (
  `id` bigint(20) NOT NULL,
  `production_1` bigint(20) NOT NULL,
  `setting_hour` int(11) NOT NULL,
  `machine_fault_hour` int(11) NOT NULL,
  `recess_hour` int(11) NOT NULL,
  `maintanance_hour` int(11) NOT NULL,
  `no_operator_hour` int(11) NOT NULL,
  `no_load_hour` int(11) NOT NULL,
  `power_fail_hour` int(11) NOT NULL,
  `other` int(11) NOT NULL,
  `rework` int(11) NOT NULL DEFAULT 0,
  `total_breakdown_hours` int(11) NOT NULL,
  `datetime` timestamp NOT NULL DEFAULT current_timestamp() ON UPDATE current_timestamp()
) ENGINE=InnoDB DEFAULT CHARSET=latin1;

-- --------------------------------------------------------

--
-- Table structure for table `tbl_admin`
--

CREATE TABLE `tbl_admin` (
  `id` int(11) NOT NULL,
  `name` varchar(255) NOT NULL DEFAULT '0',
  `email` varchar(255) NOT NULL DEFAULT '0',
  `password` varchar(255) NOT NULL DEFAULT '0',
  `status` int(11) NOT NULL DEFAULT 0,
  `create_date` timestamp NOT NULL DEFAULT current_timestamp() ON UPDATE current_timestamp()
) ENGINE=InnoDB DEFAULT CHARSET=latin1;

-- --------------------------------------------------------

--
-- Table structure for table `tbl_category`
--

CREATE TABLE `tbl_category` (
  `c_id` int(11) NOT NULL,
  `pryority` int(11) NOT NULL DEFAULT 0,
  `name` varchar(255) NOT NULL DEFAULT '0',
  `status` enum('active','inactive') NOT NULL DEFAULT 'active',
  `create_date` timestamp NOT NULL DEFAULT current_timestamp()
) ENGINE=InnoDB DEFAULT CHARSET=latin1;

-- --------------------------------------------------------

--
-- Table structure for table `tbl_contact`
--

CREATE TABLE `tbl_contact` (
  `id` int(11) NOT NULL,
  `pryority` int(11) NOT NULL DEFAULT 0,
  `user_name` varchar(255) DEFAULT NULL,
  `ind_name` varchar(255) DEFAULT NULL,
  `con_number` varchar(25) DEFAULT NULL,
  `email` varchar(255) DEFAULT NULL,
  `subject` varchar(255) DEFAULT NULL,
  `message` text DEFAULT NULL,
  `create_date` timestamp NOT NULL DEFAULT current_timestamp()
) ENGINE=InnoDB DEFAULT CHARSET=latin1;

-- --------------------------------------------------------

--
-- Table structure for table `tbl_gallery`
--

CREATE TABLE `tbl_gallery` (
  `g_id` int(11) NOT NULL,
  `c_id` int(11) NOT NULL DEFAULT 0,
  `pryority` int(11) NOT NULL DEFAULT 0,
  `name` varchar(255) NOT NULL DEFAULT '0',
  `image` varchar(255) NOT NULL DEFAULT '0',
  `content` text DEFAULT NULL,
  `status` enum('active','inactive') NOT NULL DEFAULT 'active',
  `create_date` timestamp NOT NULL DEFAULT current_timestamp()
) ENGINE=InnoDB DEFAULT CHARSET=latin1;

-- --------------------------------------------------------

--
-- Table structure for table `tbl_product`
--

CREATE TABLE `tbl_product` (
  `pro_id` int(11) NOT NULL,
  `name` varchar(255) NOT NULL DEFAULT '0',
  `image` varchar(255) NOT NULL DEFAULT '0',
  `ranged` varchar(255) NOT NULL DEFAULT '0',
  `extra` varchar(255) NOT NULL DEFAULT '0',
  `status` enum('active','inactive') NOT NULL DEFAULT 'active',
  `create_date` timestamp NOT NULL DEFAULT current_timestamp()
) ENGINE=InnoDB DEFAULT CHARSET=latin1;

--
-- Indexes for dumped tables
--

--
-- Indexes for table `company`
--
ALTER TABLE `company`
  ADD PRIMARY KEY (`id`);

--
-- Indexes for table `customer`
--
ALTER TABLE `customer`
  ADD PRIMARY KEY (`id`);

--
-- Indexes for table `dpi_customer`
--
ALTER TABLE `dpi_customer`
  ADD PRIMARY KEY (`id`);

--
-- Indexes for table `dpi_dispatch`
--
ALTER TABLE `dpi_dispatch`
  ADD PRIMARY KEY (`id`);

--
-- Indexes for table `dpi_furnace`
--
ALTER TABLE `dpi_furnace`
  ADD PRIMARY KEY (`id`);

--
-- Indexes for table `dpi_invoice`
--
ALTER TABLE `dpi_invoice`
  ADD PRIMARY KEY (`id`);

--
-- Indexes for table `dpi_messagebox`
--
ALTER TABLE `dpi_messagebox`
  ADD PRIMARY KEY (`id`);

--
-- Indexes for table `dpi_order`
--
ALTER TABLE `dpi_order`
  ADD PRIMARY KEY (`id`);

--
-- Indexes for table `dpi_order_inward`
--
ALTER TABLE `dpi_order_inward`
  ADD PRIMARY KEY (`id`);

--
-- Indexes for table `dpi_platform`
--
ALTER TABLE `dpi_platform`
  ADD PRIMARY KEY (`id`);

--
-- Indexes for table `dpi_platform_material`
--
ALTER TABLE `dpi_platform_material`
  ADD PRIMARY KEY (`id`);

--
-- Indexes for table `dpi_power_panel`
--
ALTER TABLE `dpi_power_panel`
  ADD PRIMARY KEY (`id`);

--
-- Indexes for table `dpi_process`
--
ALTER TABLE `dpi_process`
  ADD PRIMARY KEY (`id`);

--
-- Indexes for table `dpi_stock_log`
--
ALTER TABLE `dpi_stock_log`
  ADD PRIMARY KEY (`id`);

--
-- Indexes for table `dpi_userinfo`
--
ALTER TABLE `dpi_userinfo`
  ADD PRIMARY KEY (`id`);

--
-- Indexes for table `dpi_user_roles`
--
ALTER TABLE `dpi_user_roles`
  ADD PRIMARY KEY (`id`),
  ADD UNIQUE KEY `id` (`id`);

--
-- Indexes for table `dpi_vehicle`
--
ALTER TABLE `dpi_vehicle`
  ADD PRIMARY KEY (`id`);

--
-- Indexes for table `joblist`
--
ALTER TABLE `joblist`
  ADD PRIMARY KEY (`id`);

--
-- Indexes for table `machine`
--
ALTER TABLE `machine`
  ADD PRIMARY KEY (`id`);

--
-- Indexes for table `operator`
--
ALTER TABLE `operator`
  ADD PRIMARY KEY (`id`);

--
-- Indexes for table `production_1`
--
ALTER TABLE `production_1`
  ADD PRIMARY KEY (`id`);

--
-- Indexes for table `production_2`
--
ALTER TABLE `production_2`
  ADD PRIMARY KEY (`id`);

--
-- Indexes for table `production_3`
--
ALTER TABLE `production_3`
  ADD PRIMARY KEY (`id`);

--
-- Indexes for table `production_machine_breakdown`
--
ALTER TABLE `production_machine_breakdown`
  ADD PRIMARY KEY (`id`);

--
-- Indexes for table `tbl_admin`
--
ALTER TABLE `tbl_admin`
  ADD PRIMARY KEY (`id`);

--
-- Indexes for table `tbl_category`
--
ALTER TABLE `tbl_category`
  ADD PRIMARY KEY (`c_id`);

--
-- Indexes for table `tbl_contact`
--
ALTER TABLE `tbl_contact`
  ADD PRIMARY KEY (`id`);

--
-- Indexes for table `tbl_gallery`
--
ALTER TABLE `tbl_gallery`
  ADD PRIMARY KEY (`g_id`);

--
-- Indexes for table `tbl_product`
--
ALTER TABLE `tbl_product`
  ADD PRIMARY KEY (`pro_id`);

--
-- AUTO_INCREMENT for dumped tables
--

--
-- AUTO_INCREMENT for table `company`
--
ALTER TABLE `company`
  MODIFY `id` bigint(20) NOT NULL AUTO_INCREMENT, AUTO_INCREMENT=4;

--
-- AUTO_INCREMENT for table `customer`
--
ALTER TABLE `customer`
  MODIFY `id` bigint(20) NOT NULL AUTO_INCREMENT, AUTO_INCREMENT=44;

--
-- AUTO_INCREMENT for table `dpi_customer`
--
ALTER TABLE `dpi_customer`
  MODIFY `id` int(11) NOT NULL AUTO_INCREMENT, AUTO_INCREMENT=22;

--
-- AUTO_INCREMENT for table `dpi_dispatch`
--
ALTER TABLE `dpi_dispatch`
  MODIFY `id` int(11) NOT NULL AUTO_INCREMENT, AUTO_INCREMENT=4;

--
-- AUTO_INCREMENT for table `dpi_furnace`
--
ALTER TABLE `dpi_furnace`
  MODIFY `id` int(11) NOT NULL AUTO_INCREMENT, AUTO_INCREMENT=13;

--
-- AUTO_INCREMENT for table `dpi_invoice`
--
ALTER TABLE `dpi_invoice`
  MODIFY `id` int(11) NOT NULL AUTO_INCREMENT, AUTO_INCREMENT=2;

--
-- AUTO_INCREMENT for table `dpi_messagebox`
--
ALTER TABLE `dpi_messagebox`
  MODIFY `id` int(11) NOT NULL AUTO_INCREMENT;

--
-- AUTO_INCREMENT for table `dpi_order`
--
ALTER TABLE `dpi_order`
  MODIFY `id` int(11) NOT NULL AUTO_INCREMENT, AUTO_INCREMENT=60;

--
-- AUTO_INCREMENT for table `dpi_order_inward`
--
ALTER TABLE `dpi_order_inward`
  MODIFY `id` int(11) NOT NULL AUTO_INCREMENT;

--
-- AUTO_INCREMENT for table `dpi_platform`
--
ALTER TABLE `dpi_platform`
  MODIFY `id` int(11) NOT NULL AUTO_INCREMENT, AUTO_INCREMENT=13;

--
-- AUTO_INCREMENT for table `dpi_platform_material`
--
ALTER TABLE `dpi_platform_material`
  MODIFY `id` int(11) NOT NULL AUTO_INCREMENT, AUTO_INCREMENT=63;

--
-- AUTO_INCREMENT for table `dpi_power_panel`
--
ALTER TABLE `dpi_power_panel`
  MODIFY `id` int(11) NOT NULL AUTO_INCREMENT, AUTO_INCREMENT=8;

--
-- AUTO_INCREMENT for table `dpi_process`
--
ALTER TABLE `dpi_process`
  MODIFY `id` int(11) NOT NULL AUTO_INCREMENT, AUTO_INCREMENT=27;

--
-- AUTO_INCREMENT for table `dpi_stock_log`
--
ALTER TABLE `dpi_stock_log`
  MODIFY `id` bigint(20) NOT NULL AUTO_INCREMENT, AUTO_INCREMENT=160;

--
-- AUTO_INCREMENT for table `dpi_userinfo`
--
ALTER TABLE `dpi_userinfo`
  MODIFY `id` int(11) NOT NULL AUTO_INCREMENT, AUTO_INCREMENT=2;

--
-- AUTO_INCREMENT for table `dpi_vehicle`
--
ALTER TABLE `dpi_vehicle`
  MODIFY `id` int(11) NOT NULL AUTO_INCREMENT, AUTO_INCREMENT=14;

--
-- AUTO_INCREMENT for table `joblist`
--
ALTER TABLE `joblist`
  MODIFY `id` bigint(20) NOT NULL AUTO_INCREMENT;

--
-- AUTO_INCREMENT for table `machine`
--
ALTER TABLE `machine`
  MODIFY `id` bigint(20) NOT NULL AUTO_INCREMENT;

--
-- AUTO_INCREMENT for table `operator`
--
ALTER TABLE `operator`
  MODIFY `id` bigint(20) NOT NULL AUTO_INCREMENT;

--
-- AUTO_INCREMENT for table `production_1`
--
ALTER TABLE `production_1`
  MODIFY `id` bigint(20) NOT NULL AUTO_INCREMENT;

--
-- AUTO_INCREMENT for table `production_2`
--
ALTER TABLE `production_2`
  MODIFY `id` bigint(20) NOT NULL AUTO_INCREMENT;

--
-- AUTO_INCREMENT for table `production_3`
--
ALTER TABLE `production_3`
  MODIFY `id` bigint(20) NOT NULL AUTO_INCREMENT;

--
-- AUTO_INCREMENT for table `production_machine_breakdown`
--
ALTER TABLE `production_machine_breakdown`
  MODIFY `id` bigint(20) NOT NULL AUTO_INCREMENT;

--
-- AUTO_INCREMENT for table `tbl_admin`
--
ALTER TABLE `tbl_admin`
  MODIFY `id` int(11) NOT NULL AUTO_INCREMENT;

--
-- AUTO_INCREMENT for table `tbl_category`
--
ALTER TABLE `tbl_category`
  MODIFY `c_id` int(11) NOT NULL AUTO_INCREMENT;

--
-- AUTO_INCREMENT for table `tbl_contact`
--
ALTER TABLE `tbl_contact`
  MODIFY `id` int(11) NOT NULL AUTO_INCREMENT;

--
-- AUTO_INCREMENT for table `tbl_gallery`
--
ALTER TABLE `tbl_gallery`
  MODIFY `g_id` int(11) NOT NULL AUTO_INCREMENT;

--
-- AUTO_INCREMENT for table `tbl_product`
--
ALTER TABLE `tbl_product`
  MODIFY `pro_id` int(11) NOT NULL AUTO_INCREMENT;
COMMIT;

/*!40101 SET CHARACTER_SET_CLIENT=@OLD_CHARACTER_SET_CLIENT */;
/*!40101 SET CHARACTER_SET_RESULTS=@OLD_CHARACTER_SET_RESULTS */;
/*!40101 SET COLLATION_CONNECTION=@OLD_COLLATION_CONNECTION */;
